Using the latest cached version of the dataset since Salesforce/wikitext couldn't be found on the Hugging Face Hub (offline mode is enabled).
Found the latest cached dataset configuration 'wikitext-2-raw-v1' at /home/horde/.cache/huggingface/datasets/Salesforce___wikitext/wikitext-2-raw-v1/0.0.0/b08601e04326c79dfdd32d625aee71d232d685c3 (last modified on Fri Sep 25 21:27:12 2026).
{
  "format": "MAMBA2_STATE_RESURFACE_V11_AUDIT_V1",
  "complete": true,
  "passed": true,
  "stage": "full",
  "protocol_sha256": "cebe06473806d74726ac006ff6d5dd316f4fdcfb779eb47f5af271ddb1fa04a6",
  "source_sha256": "f2d73776b1ef9f11ea6ff2adfc1a5c7286b47bab86462f7bc36cfd5c49c0ca0c",
  "checks_sha256": "31fa24e451e946bb8d7f1da53bf888591e98ec3e0c19063013180a6514f5b594",
  "auditor_dependency_sha256": {
    "audit_quant_first.py": "5439e766a59b3eb14db1024002ba92ffa4337c72540f27f6dd5869d79f0cfceb",
    "audit_state_repair.py": "acdf1a107685ca803f2928f3fc399cf6c770202ec2f0c557d4984eb3ef800320",
    "audit_resurface_more.py": "debfcdb3e61a4f6e31d814de6e7713d357a415a721dc519246906118dc9aba60",
    "audit_state_first_v5.py": "9a44d39e1b6ec98d70fb44ee563eed7321e03f9a7a91253c07bc87a418e1863e",
    "audit_state_ppl_v6.py": "26002780b1d31b9055fc2e099884dc682211ca7199f73d9075f6ef6a8793dfa2",
    "audit_state_ppl_v8.py": "7970c74c31713129b95f285ed68cd28dfeff50b4c5a339b462a3f993bd7cc63b",
    "audit_state_ppl_v9.py": "fbb30790aa47431713806fdf8673a4d30db29cddd427cdc4374919458f1b2cb3",
    "audit_state_ppl_v10.py": "4f9e7bff5f237d86f3348f8bf05f173596b0d28fd1b41c3914eb33aaeb1f34f5"
  },
  "limitations": [
    "CPU independently reconstructs recorded numerical fixture data and gradients; it does not rerun model GPU logits.",
    "Checkpoint audit verifies full finite Adam/master/scaler contents and schedules, not every GPU gradient or optimizer update.",
    "Source identity/version/gradient receipts do not constitute a post-run whole-model byte ledger.",
    "Historically exposed validation and CONFIRM families do not establish unseen generalization.",
    "Adapter cache/residency accounting excludes source weights, temporaries, allocator reserve and training scratch."
  ],
  "self_tests": {
    "complete": true,
    "passed": true,
    "count": 12,
    "checks": [
      "fixed189-check-nine-fixture-inventory",
      "strict-no-PPL-regression-not-old1pct-tolerance",
      "8p25-is-strict-independent-of-preservation",
      "positive-paired-CI-and-gain-and-exact-cache-required",
      "overflow-retry-full-GradScaler-state",
      "GradScaler2000-growth-boundary",
      "fixed1536-update-cosine-endpoints",
      "normal-correct-misbinding-invented-unparseable",
      "removed-target-matches-separate-diagnostic",
      "position-quartile-and-exact-position-partitions",
      "incomplete-residency-witness-rejected",
      "224-adapter-tensors-and-cache-plus-shared-adapter"
    ],
    "gpu_used": false
  },
  "parent": {
    "complete": true,
    "selected_sha256": "a77bbd86ae609d8ef7cf90f10d0904cf95b4df8e059c9ea6cb2fd12886436fb8",
    "table_sha256": "b1865e81ff3fbed028027a883872aef9bb91e614e7cf08c72211496a78aeb597",
    "comparison_sha256": "d0a86c047d992377f8a6cf9c996d8b5525f03309497d378b814dd22d39ddea57",
    "audit_sha256": "31d93219972466f6c62b8e1036c4de6cceee1d4c53d438faffeb02853c0affe5",
    "raw_selected_sha256": "598b7d3f8088d58513c4ab99aaf911543b0c355e02d9e79cb59a734c55a3f610",
    "ppl": 8.186186562837207,
    "cache_bytes": 28499968,
    "predecessor_scope": "Hash-pinned independently audited V10 chain; raw parent arithmetic/table/storage rechecked"
  },
  "kernel_checks": {
    "complete": true,
    "checks_sha256": "31fa24e451e946bb8d7f1da53bf888591e98ec3e0c19063013180a6514f5b594",
    "evidence_sha256": "fdaf2f7e8ac105ba2877b48e15382f3abe59ee5596edb6dc6e37ae36bd0c4480",
    "checks": 189,
    "cases": [
      {
        "name": "random_0",
        "tokens": 19,
        "exact_packed_cpu_oracle": false,
        "every_token_carry_and_checkpoints_exact": true,
        "independent_cpu_STE_gradients": true,
        "worst_gradient_bound_ratio": 0.03203510120511055
      },
      {
        "name": "random_1",
        "tokens": 1,
        "exact_packed_cpu_oracle": false,
        "every_token_carry_and_checkpoints_exact": true,
        "independent_cpu_STE_gradients": true,
        "worst_gradient_bound_ratio": 0.0028262215200811625
      },
      {
        "name": "random_2",
        "tokens": 65,
        "exact_packed_cpu_oracle": false,
        "every_token_carry_and_checkpoints_exact": true,
        "independent_cpu_STE_gradients": true,
        "worst_gradient_bound_ratio": 0.03660890460014343
      },
      {
        "name": "controlled_dyadic",
        "tokens": 65,
        "exact_packed_cpu_oracle": true,
        "every_token_carry_and_checkpoints_exact": true,
        "independent_cpu_STE_gradients": true,
        "worst_gradient_bound_ratio": 0.016078969463706017
      },
      {
        "name": "controlled_rounded_scales",
        "tokens": 5,
        "exact_packed_cpu_oracle": true,
        "every_token_carry_and_checkpoints_exact": true,
        "independent_cpu_STE_gradients": true,
        "worst_gradient_bound_ratio": 0.0
      },
      {
        "name": "controlled_underflow",
        "tokens": 5,
        "exact_packed_cpu_oracle": true,
        "every_token_carry_and_checkpoints_exact": true,
        "independent_cpu_STE_gradients": true,
        "worst_gradient_bound_ratio": 0.0
      },
      {
        "name": "controlled_subnormal",
        "tokens": 5,
        "exact_packed_cpu_oracle": true,
        "every_token_carry_and_checkpoints_exact": true,
        "independent_cpu_STE_gradients": true,
        "worst_gradient_bound_ratio": 0.0
      },
      {
        "name": "controlled_wide_safe",
        "tokens": 5,
        "exact_packed_cpu_oracle": true,
        "every_token_carry_and_checkpoints_exact": true,
        "independent_cpu_STE_gradients": true,
        "worst_gradient_bound_ratio": 0.0
      },
      {
        "name": "controlled_zero",
        "tokens": 5,
        "exact_packed_cpu_oracle": true,
        "every_token_carry_and_checkpoints_exact": true,
        "independent_cpu_STE_gradients": true,
        "worst_gradient_bound_ratio": 0.0
      }
    ],
    "controlled_cases_recomputed": 6,
    "raw_dead_current_future_gradients_verified": true,
    "training_workspace_2048": {
      "carry_scratch_bytes": 203423744,
      "gradient_scratch_bytes": 84934656,
      "total_scratch_bytes": 288358400
    },
    "scope": "Raw nine-fixture inputs, codes/scales, histories and gradients rederived on CPU; random forward delegation and production finite test remain hash-bound GPU receipts"
  },
  "discarded_smoke": {
    "complete": true,
    "mode": "smoke",
    "report_sha256": "4a4565941681f89eb2baa74aa5cfdbff9bbe1244dab70d69256266b60476e6a3",
    "adapter_sha256": "97670ae926e5c9745c1ff057e00b9fed1d6491342335ee1823d3f1943c8b2c66",
    "successful_updates": 1,
    "attempts": 3,
    "overflows": 2,
    "independent_initial_master_hashes": true,
    "independent_schedule_and_scaler": true,
    "recovery_checkpoints_verified": 0,
    "actual_final_checkpoint_cast_equals_export": false,
    "actual_serialized_FP16_parity_recorded": true,
    "raw_probe_evidence": {
      "file_sha256": "84041dcdca04234859b8042a024c5b4892efb7d1a90b27ba942bec802d111ad0",
      "lengths": [
        128,
        512
      ],
      "raw_initialization_and_export_exact": true,
      "raw_master_casts_exact": true,
      "nonzero_export": true
    },
    "optimizer_scope": "Smoke verifies actual final FP32 masters and casts, fresh empty optimizer and retry/scaler evidence; no stored final Adam moments."
  },
  "smoke_report_sha256": "4a4565941681f89eb2baa74aa5cfdbff9bbe1244dab70d69256266b60476e6a3",
  "training": {
    "complete": true,
    "mode": "formal",
    "report_sha256": "090c02ee03658b5558afb65664f671a09edb98a698aec8a05b0723932631d02c",
    "adapter_sha256": "339334b3431027504fb8da4ce3167d63c8c2f309920cfb0076bde1f72a115cb7",
    "successful_updates": 1536,
    "attempts": 1541,
    "overflows": 5,
    "independent_initial_master_hashes": true,
    "independent_schedule_and_scaler": true,
    "recovery_checkpoints_verified": 4,
    "actual_final_checkpoint_cast_equals_export": true,
    "actual_serialized_FP16_parity_recorded": true,
    "raw_probe_evidence": {
      "file_sha256": "a5abac0f5928c2e00555aa2d09dc6ed0af2fb850c835f0a09f173a9435259081",
      "lengths": [
        128,
        512
      ],
      "raw_initialization_and_export_exact": true,
      "raw_master_casts_exact": true,
      "nonzero_export": true
    },
    "optimizer_scope": "Checks complete finite moments, mapping, recipe and step counts; does not recompute GPU gradients or Adam updates."
  },
  "training_report_sha256": "090c02ee03658b5558afb65664f671a09edb98a698aec8a05b0723932631d02c",
  "full": {
    "complete": true,
    "arms": {
      "v10_no_adapter": {
        "complete": true,
        "ppl": 8.186186562837207,
        "ppl_windows": 130,
        "ppl_targets": 264764,
        "mk_cases": 768,
        "mk": {
          "normal": {
            "correct": 32,
            "count": 384,
            "accuracy": 0.08333333333333333
          },
          "target_removed": {
            "correct": 0,
            "count": 384,
            "accuracy": 0.0
          }
        },
        "summary": {
          "normal": {
            "count": 384,
            "correct": 32,
            "accuracy": 0.08333333333333333,
            "prediction_categories": {
              "correct_target": 32,
              "not_present_value": 128,
              "unparseable": 3,
              "wrong_present_value": 221
            }
          },
          "target_removed": {
            "count": 384,
            "correct": 0,
            "accuracy": 0.0,
            "prediction_categories": {
              "not_present_value": 226,
              "other_present_value": 156,
              "unparseable": 2
            }
          }
        },
        "strata": {
          "normal_by_N": {
            "16": {
              "count": 192,
              "correct": 30,
              "accuracy": 0.15625,
              "prediction_categories": {
                "correct_target": 30,
                "not_present_value": 28,
                "wrong_present_value": 134
              }
            },
            "64": {
              "count": 192,
              "correct": 2,
              "accuracy": 0.010416666666666666,
              "prediction_categories": {
                "correct_target": 2,
                "not_present_value": 100,
                "unparseable": 3,
                "wrong_present_value": 87
              }
            }
          },
          "normal_by_template": {
            "0": {
              "count": 128,
              "correct": 7,
              "accuracy": 0.0546875,
              "prediction_categories": {
                "correct_target": 7,
                "not_present_value": 29,
                "unparseable": 2,
                "wrong_present_value": 90
              }
            },
            "1": {
              "count": 128,
              "correct": 5,
              "accuracy": 0.0390625,
              "prediction_categories": {
                "correct_target": 5,
                "not_present_value": 65,
                "unparseable": 1,
                "wrong_present_value": 57
              }
            },
            "2": {
              "count": 128,
              "correct": 20,
              "accuracy": 0.15625,
              "prediction_categories": {
                "correct_target": 20,
                "not_present_value": 34,
                "wrong_present_value": 74
              }
            }
          },
          "normal_by_N_template": {
            "N16_t0": {
              "count": 64,
              "correct": 6,
              "accuracy": 0.09375,
              "prediction_categories": {
                "correct_target": 6,
                "not_present_value": 6,
                "wrong_present_value": 52
              }
            },
            "N16_t1": {
              "count": 64,
              "correct": 5,
              "accuracy": 0.078125,
              "prediction_categories": {
                "correct_target": 5,
                "not_present_value": 17,
                "wrong_present_value": 42
              }
            },
            "N16_t2": {
              "count": 64,
              "correct": 19,
              "accuracy": 0.296875,
              "prediction_categories": {
                "correct_target": 19,
                "not_present_value": 5,
                "wrong_present_value": 40
              }
            },
            "N64_t0": {
              "count": 64,
              "correct": 1,
              "accuracy": 0.015625,
              "prediction_categories": {
                "correct_target": 1,
                "not_present_value": 23,
                "unparseable": 2,
                "wrong_present_value": 38
              }
            },
            "N64_t1": {
              "count": 64,
              "correct": 0,
              "accuracy": 0.0,
              "prediction_categories": {
                "not_present_value": 48,
                "unparseable": 1,
                "wrong_present_value": 15
              }
            },
            "N64_t2": {
              "count": 64,
              "correct": 1,
              "accuracy": 0.015625,
              "prediction_categories": {
                "correct_target": 1,
                "not_present_value": 29,
                "wrong_present_value": 34
              }
            }
          },
          "normal_by_N_query_position": {
            "N16_p0": {
              "count": 15,
              "correct": 9,
              "accuracy": 0.6,
              "prediction_categories": {
                "correct_target": 9,
                "not_present_value": 2,
                "wrong_present_value": 4
              }
            },
            "N16_p1": {
              "count": 12,
              "correct": 5,
              "accuracy": 0.4166666666666667,
              "prediction_categories": {
                "correct_target": 5,
                "wrong_present_value": 7
              }
            },
            "N16_p10": {
              "count": 15,
              "correct": 0,
              "accuracy": 0.0,
              "prediction_categories": {
                "not_present_value": 3,
                "wrong_present_value": 12
              }
            },
            "N16_p11": {
              "count": 12,
              "correct": 0,
              "accuracy": 0.0,
              "prediction_categories": {
                "not_present_value": 3,
                "wrong_present_value": 9
              }
            },
            "N16_p12": {
              "count": 12,
              "correct": 1,
              "accuracy": 0.08333333333333333,
              "prediction_categories": {
                "correct_target": 1,
                "not_present_value": 1,
                "wrong_present_value": 10
              }
            },
            "N16_p13": {
              "count": 12,
              "correct": 0,
              "accuracy": 0.0,
              "prediction_categories": {
                "not_present_value": 1,
                "wrong_present_value": 11
              }
            },
            "N16_p14": {
              "count": 12,
              "correct": 1,
              "accuracy": 0.08333333333333333,
              "prediction_categories": {
                "correct_target": 1,
                "not_present_value": 2,
                "wrong_present_value": 9
              }
            },
            "N16_p15": {
              "count": 3,
              "correct": 0,
              "accuracy": 0.0,
              "prediction_categories": {
                "not_present_value": 1,
                "wrong_present_value": 2
              }
            },
            "N16_p2": {
              "count": 12,
              "correct": 4,
              "accuracy": 0.3333333333333333,
              "prediction_categories": {
                "correct_target": 4,
                "not_present_value": 2,
                "wrong_present_value": 6
              }
            },
            "N16_p3": {
              "count": 12,
              "correct": 2,
              "accuracy": 0.16666666666666666,
              "prediction_categories": {
                "correct_target": 2,
                "not_present_value": 2,
                "wrong_present_value": 8
              }
            },
            "N16_p4": {
              "count": 12,
              "correct": 2,
              "accuracy": 0.16666666666666666,
              "prediction_categories": {
                "correct_target": 2,
                "not_present_value": 1,
                "wrong_present_value": 9
              }
            },
            "N16_p5": {
              "count": 15,
              "correct": 3,
              "accuracy": 0.2,
              "prediction_categories": {
                "correct_target": 3,
                "not_present_value": 3,
                "wrong_present_value": 9
              }
            },
            "N16_p6": {
              "count": 12,
              "correct": 0,
              "accuracy": 0.0,
              "prediction_categories": {
                "not_present_value": 2,
                "wrong_present_value": 10
              }
            },
            "N16_p7": {
              "count": 12,
              "correct": 2,
              "accuracy": 0.16666666666666666,
              "prediction_categories": {
                "correct_target": 2,
                "not_present_value": 2,
                "wrong_present_value": 8
              }
            },
            "N16_p8": {
              "count": 12,
              "correct": 1,
              "accuracy": 0.08333333333333333,
              "prediction_categories": {
                "correct_target": 1,
                "wrong_present_value": 11
              }
            },
            "N16_p9": {
              "count": 12,
              "correct": 0,
              "accuracy": 0.0,
              "prediction_categories": {
                "not_present_value": 3,
                "wrong_present_value": 9
              }
            },
            "N64_p0": {
              "count": 3,
              "correct": 1,
              "accuracy": 0.3333333333333333,
              "prediction_categories": {
                "correct_target": 1,
                "not_present_value": 1,
                "wrong_present_value": 1
              }
            },
            "N64_p1": {
              "count": 3,
              "correct": 1,
              "accuracy": 0.3333333333333333,
              "prediction_categories": {
                "correct_target": 1,
                "not_present_value": 1,
                "wrong_present_value": 1
              }
            },
            "N64_p10": {
              "count": 3,
              "correct": 0,
              "accuracy": 0.0,
              "prediction_categories": {
                "wrong_present_value": 3
              }
            },
            "N64_p11": {
              "count": 3,
              "correct": 0,
              "accuracy": 0.0,
              "prediction_categories": {
                "not_present_value": 1,
                "wrong_present_value": 2
              }
            },
            "N64_p12": {
              "count": 3,
              "correct": 0,
              "accuracy": 0.0,
              "prediction_categories": {
                "not_present_value": 1,
                "wrong_present_value": 2
              }
            },
            "N64_p13": {
              "count": 3,
              "correct": 0,
              "accuracy": 0.0,
              "prediction_categories": {
                "not_present_value": 2,
                "wrong_present_value": 1
              }
            },
            "N64_p14": {
              "count": 3,
              "correct": 0,
              "accuracy": 0.0,
              "prediction_categories": {
                "wrong_present_value": 3
              }
            },
            "N64_p15": {
              "count": 3,
              "correct": 0,
              "accuracy": 0.0,
              "prediction_categories": {
                "not_present_value": 1,
                "wrong_present_value": 2
              }
            },
            "N64_p16": {
              "count": 3,
              "correct": 0,
              "accuracy": 0.0,
              "prediction_categories": {
                "not_present_value": 2,
                "wrong_present_value": 1
              }
            },
            "N64_p17": {
              "count": 3,
              "correct": 0,
              "accuracy": 0.0,
              "prediction_categories": {
                "not_present_value": 1,
                "wrong_present_value": 2
              }
            },
            "N64_p18": {
              "count": 3,
              "correct": 0,
              "accuracy": 0.0,
              "prediction_categories": {
                "not_present_value": 2,
                "wrong_present_value": 1
              }
            },
            "N64_p19": {
              "count": 3,
              "correct": 0,
              "accuracy": 0.0,
              "prediction_categories": {
                "not_present_value": 2,
                "wrong_present_value": 1
              }
            },
            "N64_p2": {
              "count": 3,
              "correct": 0,
              "accuracy": 0.0,
              "prediction_categories": {
                "not_present_value": 2,
                "unparseable": 1
              }
            },
            "N64_p20": {
              "count": 3,
              "correct": 0,
              "accuracy": 0.0,
              "prediction_categories": {
                "wrong_present_value": 3
              }
            },
            "N64_p21": {
              "count": 3,
              "correct": 0,
              "accuracy": 0.0,
              "prediction_categories": {
                "not_present_value": 1,
                "wrong_present_value": 2
              }
            },
            "N64_p22": {
              "count": 3,
              "correct": 0,
              "accuracy": 0.0,
              "prediction_categories": {
                "not_present_value": 1,
                "wrong_present_value": 2
              }
            },
            "N64_p23": {
              "count": 3,
              "correct": 0,
              "accuracy": 0.0,
              "prediction_categories": {
                "not_present_value": 1,
                "wrong_present_value": 2
              }
            },
            "N64_p24": {
              "count": 3,
              "correct": 0,
              "accuracy": 0.0,
              "prediction_categories": {
                "not_present_value": 2,
                "wrong_present_value": 1
              }
            },
            "N64_p25": {
              "count": 3,
              "correct": 0,
              "accuracy": 0.0,
              "prediction_categories": {
                "not_present_value": 2,
                "wrong_present_value": 1
              }
            },
            "N64_p26": {
              "count": 3,
              "correct": 0,
              "accuracy": 0.0,
              "prediction_categories": {
                "not_present_value": 1,
                "wrong_present_value": 2
              }
            },
            "N64_p27": {
              "count": 3,
              "correct": 0,
              "accuracy": 0.0,
              "prediction_categories": {
                "not_present_value": 1,
                "wrong_present_value": 2
              }
            },
            "N64_p28": {
              "count": 3,
              "correct": 0,
              "accuracy": 0.0,
              "prediction_categories": {
                "not_present_value": 3
              }
            },
            "N64_p29": {
              "count": 3,
              "correct": 0,
              "accuracy": 0.0,
              "prediction_categories": {
                "not_present_value": 1,
                "wrong_present_value": 2
              }
            },
            "N64_p3": {
              "count": 3,
              "correct": 0,
              "accuracy": 0.0,
              "prediction_categories": {
                "not_present_value": 1,
                "wrong_present_value": 2
              }
            },
            "N64_p30": {
              "count": 3,
              "correct": 0,
              "accuracy": 0.0,
              "prediction_categories": {
                "unparseable": 2,
                "wrong_present_value": 1
              }
            },
            "N64_p31": {
              "count": 3,
              "correct": 0,
              "accuracy": 0.0,
              "prediction_categories": {
                "not_present_value": 1,
                "wrong_present_value": 2
              }
            },
            "N64_p32": {
              "count": 3,
              "correct": 0,
              "accuracy": 0.0,
              "prediction_categories": {
                "not_present_value": 1,
                "wrong_present_value": 2
              }
            },
            "N64_p33": {
              "count": 3,
              "correct": 0,
              "accuracy": 0.0,
              "prediction_categories": {
                "not_present_value": 2,
                "wrong_present_value": 1
              }
            },
            "N64_p34": {
              "count": 3,
              "correct": 0,
              "accuracy": 0.0,
              "prediction_categories": {
                "wrong_present_value": 3
              }
            },
            "N64_p35": {
              "count": 3,
              "correct": 0,
              "accuracy": 0.0,
              "prediction_categories": {
                "not_present_value": 1,
                "wrong_present_value": 2
              }
            },
            "N64_p36": {
              "count": 3,
              "correct": 0,
              "accuracy": 0.0,
              "prediction_categories": {
                "wrong_present_value": 3
              }
            },
            "N64_p37": {
              "count": 3,
              "correct": 0,
              "accuracy": 0.0,
              "prediction_categories": {
                "not_present_value": 2,
                "wrong_present_value": 1
              }
            },
            "N64_p38": {
              "count": 3,
              "correct": 0,
              "accuracy": 0.0,
              "prediction_categories": {
                "not_present_value": 3
              }
            },
            "N64_p39": {
              "count": 3,
              "correct": 0,
              "accuracy": 0.0,
              "prediction_categories": {
                "not_present_value": 3
              }
            },
            "N64_p4": {
              "count": 3,
              "correct": 0,
              "accuracy": 0.0,
              "prediction_categories": {
                "not_present_value": 2,
                "wrong_present_value": 1
              }
            },
            "N64_p40": {
              "count": 3,
              "correct": 0,
              "accuracy": 0.0,
              "prediction_categories": {
                "not_present_value": 2,
                "wrong_present_value": 1
              }
            },
            "N64_p41": {
              "count": 3,
              "correct": 0,
              "accuracy": 0.0,
              "prediction_categories": {
                "not_present_value": 2,
                "wrong_present_value": 1
              }
            },
            "N64_p42": {
              "count": 3,
              "correct": 0,
              "accuracy": 0.0,
              "prediction_categories": {
                "not_present_value": 1,
                "wrong_present_value": 2
              }
            },
            "N64_p43": {
              "count": 3,
              "correct": 0,
              "accuracy": 0.0,
              "prediction_categories": {
                "not_present_value": 2,
                "wrong_present_value": 1
              }
            },
            "N64_p44": {
              "count": 3,
              "correct": 0,
              "accuracy": 0.0,
              "prediction_categories": {
                "not_present_value": 1,
                "wrong_present_value": 2
              }
            },
            "N64_p45": {
              "count": 3,
              "correct": 0,
              "accuracy": 0.0,
              "prediction_categories": {
                "not_present_value": 2,
                "wrong_present_value": 1
              }
            },
            "N64_p46": {
              "count": 3,
              "correct": 0,
              "accuracy": 0.0,
              "prediction_categories": {
                "not_present_value": 1,
                "wrong_present_value": 2
              }
            },
            "N64_p47": {
              "count": 3,
              "correct": 0,
              "accuracy": 0.0,
              "prediction_categories": {
                "not_present_value": 3
              }
            },
            "N64_p48": {
              "count": 3,
              "correct": 0,
              "accuracy": 0.0,
              "prediction_categories": {
                "not_present_value": 3
              }
            },
            "N64_p49": {
              "count": 3,
              "correct": 0,
              "accuracy": 0.0,
              "prediction_categories": {
                "not_present_value": 2,
                "wrong_present_value": 1
              }
            },
            "N64_p5": {
              "count": 3,
              "correct": 0,
              "accuracy": 0.0,
              "prediction_categories": {
                "not_present_value": 1,
                "wrong_present_value": 2
              }
            },
            "N64_p50": {
              "count": 3,
              "correct": 0,
              "accuracy": 0.0,
              "prediction_categories": {
                "not_present_value": 2,
                "wrong_present_value": 1
              }
            },
            "N64_p51": {
              "count": 3,
              "correct": 0,
              "accuracy": 0.0,
              "prediction_categories": {
                "not_present_value": 3
              }
            },
            "N64_p52": {
              "count": 3,
              "correct": 0,
              "accuracy": 0.0,
              "prediction_categories": {
                "not_present_value": 2,
                "wrong_present_value": 1
              }
            },
            "N64_p53": {
              "count": 3,
              "correct": 0,
              "accuracy": 0.0,
              "prediction_categories": {
                "not_present_value": 2,
                "wrong_present_value": 1
              }
            },
            "N64_p54": {
              "count": 3,
              "correct": 0,
              "accuracy": 0.0,
              "prediction_categories": {
                "not_present_value": 2,
                "wrong_present_value": 1
              }
            },
            "N64_p55": {
              "count": 3,
              "correct": 0,
              "accuracy": 0.0,
              "prediction_categories": {
                "not_present_value": 1,
                "wrong_present_value": 2
              }
            },
            "N64_p56": {
              "count": 3,
              "correct": 0,
              "accuracy": 0.0,
              "prediction_categories": {
                "not_present_value": 3
              }
            },
            "N64_p57": {
              "count": 3,
              "correct": 0,
              "accuracy": 0.0,
              "prediction_categories": {
                "not_present_value": 2,
                "wrong_present_value": 1
              }
            },
            "N64_p58": {
              "count": 3,
              "correct": 0,
              "accuracy": 0.0,
              "prediction_categories": {
                "not_present_value": 3
              }
            },
            "N64_p59": {
              "count": 3,
              "correct": 0,
              "accuracy": 0.0,
              "prediction_categories": {
                "not_present_value": 2,
                "wrong_present_value": 1
              }
            },
            "N64_p6": {
              "count": 3,
              "correct": 0,
              "accuracy": 0.0,
              "prediction_categories": {
                "not_present_value": 2,
                "wrong_present_value": 1
              }
            },
            "N64_p60": {
              "count": 3,
              "correct": 0,
              "accuracy": 0.0,
              "prediction_categories": {
                "not_present_value": 2,
                "wrong_present_value": 1
              }
            },
            "N64_p61": {
              "count": 3,
              "correct": 0,
              "accuracy": 0.0,
              "prediction_categories": {
                "wrong_present_value": 3
              }
            },
            "N64_p62": {
              "count": 3,
              "correct": 0,
              "accuracy": 0.0,
              "prediction_categories": {
                "not_present_value": 2,
                "wrong_present_value": 1
              }
            },
            "N64_p63": {
              "count": 3,
              "correct": 0,
              "accuracy": 0.0,
              "prediction_categories": {
                "not_present_value": 3
              }
            },
            "N64_p7": {
              "count": 3,
              "correct": 0,
              "accuracy": 0.0,
              "prediction_categories": {
                "not_present_value": 1,
                "wrong_present_value": 2
              }
            },
            "N64_p8": {
              "count": 3,
              "correct": 0,
              "accuracy": 0.0,
              "prediction_categories": {
                "not_present_value": 1,
                "wrong_present_value": 2
              }
            },
            "N64_p9": {
              "count": 3,
              "correct": 0,
              "accuracy": 0.0,
              "prediction_categories": {
                "not_present_value": 2,
                "wrong_present_value": 1
              }
            }
          },
          "normal_by_N_position_quartile": {
            "N16_q0": {
              "count": 51,
              "correct": 20,
              "accuracy": 0.39215686274509803,
              "prediction_categories": {
                "correct_target": 20,
                "not_present_value": 6,
                "wrong_present_value": 25
              }
            },
            "N16_q1": {
              "count": 51,
              "correct": 7,
              "accuracy": 0.13725490196078433,
              "prediction_categories": {
                "correct_target": 7,
                "not_present_value": 8,
                "wrong_present_value": 36
              }
            },
            "N16_q2": {
              "count": 51,
              "correct": 1,
              "accuracy": 0.0196078431372549,
              "prediction_categories": {
                "correct_target": 1,
                "not_present_value": 9,
                "wrong_present_value": 41
              }
            },
            "N16_q3": {
              "count": 39,
              "correct": 2,
              "accuracy": 0.05128205128205128,
              "prediction_categories": {
                "correct_target": 2,
                "not_present_value": 5,
                "wrong_present_value": 32
              }
            },
            "N64_q0": {
              "count": 48,
              "correct": 2,
              "accuracy": 0.041666666666666664,
              "prediction_categories": {
                "correct_target": 2,
                "not_present_value": 19,
                "unparseable": 1,
                "wrong_present_value": 26
              }
            },
            "N64_q1": {
              "count": 48,
              "correct": 0,
              "accuracy": 0.0,
              "prediction_categories": {
                "not_present_value": 21,
                "unparseable": 2,
                "wrong_present_value": 25
              }
            },
            "N64_q2": {
              "count": 48,
              "correct": 0,
              "accuracy": 0.0,
              "prediction_categories": {
                "not_present_value": 26,
                "wrong_present_value": 22
              }
            },
            "N64_q3": {
              "count": 48,
              "correct": 0,
              "accuracy": 0.0,
              "prediction_categories": {
                "not_present_value": 34,
                "wrong_present_value": 14
              }
            }
          }
        },
        "adapter_storage": {
          "loaded": false,
          "tensors": 0,
          "parameters": 0,
          "fp16_payload_bytes": 0,
          "resident_storage_bytes": 0,
          "persistent_buffer_bytes": 0,
          "additional_recurrent_cache_bytes": 0,
          "ema_enabled": false,
          "cache_plus_adapter_bytes": 28499968
        }
      },
      "v10_resurface": {
        "complete": true,
        "ppl": 7.855569605864836,
        "ppl_windows": 130,
        "ppl_targets": 264764,
        "mk_cases": 768,
        "mk": {
          "normal": {
            "correct": 271,
            "count": 384,
            "accuracy": 0.7057291666666666
          },
          "target_removed": {
            "correct": 0,
            "count": 384,
            "accuracy": 0.0
          }
        },
        "summary": {
          "normal": {
            "count": 384,
            "correct": 271,
            "accuracy": 0.7057291666666666,
            "prediction_categories": {
              "correct_target": 271,
              "not_present_value": 77,
              "unparseable": 3,
              "wrong_present_value": 33
            }
          },
          "target_removed": {
            "count": 384,
            "correct": 0,
            "accuracy": 0.0,
            "prediction_categories": {
              "not_present_value": 210,
              "other_present_value": 169,
              "unparseable": 5
            }
          }
        },
        "strata": {
          "normal_by_N": {
            "16": {
              "count": 192,
              "correct": 181,
              "accuracy": 0.9427083333333334,
              "prediction_categories": {
                "correct_target": 181,
                "not_present_value": 8,
                "unparseable": 1,
                "wrong_present_value": 2
              }
            },
            "64": {
              "count": 192,
              "correct": 90,
              "accuracy": 0.46875,
              "prediction_categories": {
                "correct_target": 90,
                "not_present_value": 69,
                "unparseable": 2,
                "wrong_present_value": 31
              }
            }
          },
          "normal_by_template": {
            "0": {
              "count": 128,
              "correct": 87,
              "accuracy": 0.6796875,
              "prediction_categories": {
                "correct_target": 87,
                "not_present_value": 22,
                "unparseable": 1,
                "wrong_present_value": 18
              }
            },
            "1": {
              "count": 128,
              "correct": 92,
              "accuracy": 0.71875,
              "prediction_categories": {
                "correct_target": 92,
                "not_present_value": 27,
                "unparseable": 2,
                "wrong_present_value": 7
              }
            },
            "2": {
              "count": 128,
              "correct": 92,
              "accuracy": 0.71875,
              "prediction_categories": {
                "correct_target": 92,
                "not_present_value": 28,
                "wrong_present_value": 8
              }
            }
          },
          "normal_by_N_template": {
            "N16_t0": {
              "count": 64,
              "correct": 60,
              "accuracy": 0.9375,
              "prediction_categories": {
                "correct_target": 60,
                "not_present_value": 2,
                "unparseable": 1,
                "wrong_present_value": 1
              }
            },
            "N16_t1": {
              "count": 64,
              "correct": 59,
              "accuracy": 0.921875,
              "prediction_categories": {
                "correct_target": 59,
                "not_present_value": 4,
                "wrong_present_value": 1
              }
            },
            "N16_t2": {
              "count": 64,
              "correct": 62,
              "accuracy": 0.96875,
              "prediction_categories": {
                "correct_target": 62,
                "not_present_value": 2
              }
            },
            "N64_t0": {
              "count": 64,
              "correct": 27,
              "accuracy": 0.421875,
              "prediction_categories": {
                "correct_target": 27,
                "not_present_value": 20,
                "wrong_present_value": 17
              }
            },
            "N64_t1": {
              "count": 64,
              "correct": 33,
              "accuracy": 0.515625,
              "prediction_categories": {
                "correct_target": 33,
                "not_present_value": 23,
                "unparseable": 2,
                "wrong_present_value": 6
              }
            },
            "N64_t2": {
              "count": 64,
              "correct": 30,
              "accuracy": 0.46875,
              "prediction_categories": {
                "correct_target": 30,
                "not_present_value": 26,
                "wrong_present_value": 8
              }
            }
          },
          "normal_by_N_query_position": {
            "N16_p0": {
              "count": 15,
              "correct": 11,
              "accuracy": 0.7333333333333333,
              "prediction_categories": {
                "correct_target": 11,
                "not_present_value": 3,
                "wrong_present_value": 1
              }
            },
            "N16_p1": {
              "count": 12,
              "correct": 11,
              "accuracy": 0.9166666666666666,
              "prediction_categories": {
                "correct_target": 11,
                "wrong_present_value": 1
              }
            },
            "N16_p10": {
              "count": 15,
              "correct": 15,
              "accuracy": 1.0,
              "prediction_categories": {
                "correct_target": 15
              }
            },
            "N16_p11": {
              "count": 12,
              "correct": 11,
              "accuracy": 0.9166666666666666,
              "prediction_categories": {
                "correct_target": 11,
                "not_present_value": 1
              }
            },
            "N16_p12": {
              "count": 12,
              "correct": 11,
              "accuracy": 0.9166666666666666,
              "prediction_categories": {
                "correct_target": 11,
                "not_present_value": 1
              }
            },
            "N16_p13": {
              "count": 12,
              "correct": 11,
              "accuracy": 0.9166666666666666,
              "prediction_categories": {
                "correct_target": 11,
                "not_present_value": 1
              }
            },
            "N16_p14": {
              "count": 12,
              "correct": 12,
              "accuracy": 1.0,
              "prediction_categories": {
                "correct_target": 12
              }
            },
            "N16_p15": {
              "count": 3,
              "correct": 3,
              "accuracy": 1.0,
              "prediction_categories": {
                "correct_target": 3
              }
            },
            "N16_p2": {
              "count": 12,
              "correct": 12,
              "accuracy": 1.0,
              "prediction_categories": {
                "correct_target": 12
              }
            },
            "N16_p3": {
              "count": 12,
              "correct": 12,
              "accuracy": 1.0,
              "prediction_categories": {
                "correct_target": 12
              }
            },
            "N16_p4": {
              "count": 12,
              "correct": 11,
              "accuracy": 0.9166666666666666,
              "prediction_categories": {
                "correct_target": 11,
                "not_present_value": 1
              }
            },
            "N16_p5": {
              "count": 15,
              "correct": 14,
              "accuracy": 0.9333333333333333,
              "prediction_categories": {
                "correct_target": 14,
                "not_present_value": 1
              }
            },
            "N16_p6": {
              "count": 12,
              "correct": 12,
              "accuracy": 1.0,
              "prediction_categories": {
                "correct_target": 12
              }
            },
            "N16_p7": {
              "count": 12,
              "correct": 12,
              "accuracy": 1.0,
              "prediction_categories": {
                "correct_target": 12
              }
            },
            "N16_p8": {
              "count": 12,
              "correct": 11,
              "accuracy": 0.9166666666666666,
              "prediction_categories": {
                "correct_target": 11,
                "unparseable": 1
              }
            },
            "N16_p9": {
              "count": 12,
              "correct": 12,
              "accuracy": 1.0,
              "prediction_categories": {
                "correct_target": 12
              }
            },
            "N64_p0": {
              "count": 3,
              "correct": 1,
              "accuracy": 0.3333333333333333,
              "prediction_categories": {
                "correct_target": 1,
                "not_present_value": 1,
                "wrong_present_value": 1
              }
            },
            "N64_p1": {
              "count": 3,
              "correct": 1,
              "accuracy": 0.3333333333333333,
              "prediction_categories": {
                "correct_target": 1,
                "unparseable": 1,
                "wrong_present_value": 1
              }
            },
            "N64_p10": {
              "count": 3,
              "correct": 1,
              "accuracy": 0.3333333333333333,
              "prediction_categories": {
                "correct_target": 1,
                "not_present_value": 2
              }
            },
            "N64_p11": {
              "count": 3,
              "correct": 2,
              "accuracy": 0.6666666666666666,
              "prediction_categories": {
                "correct_target": 2,
                "not_present_value": 1
              }
            },
            "N64_p12": {
              "count": 3,
              "correct": 2,
              "accuracy": 0.6666666666666666,
              "prediction_categories": {
                "correct_target": 2,
                "wrong_present_value": 1
              }
            },
            "N64_p13": {
              "count": 3,
              "correct": 1,
              "accuracy": 0.3333333333333333,
              "prediction_categories": {
                "correct_target": 1,
                "not_present_value": 1,
                "wrong_present_value": 1
              }
            },
            "N64_p14": {
              "count": 3,
              "correct": 0,
              "accuracy": 0.0,
              "prediction_categories": {
                "not_present_value": 3
              }
            },
            "N64_p15": {
              "count": 3,
              "correct": 1,
              "accuracy": 0.3333333333333333,
              "prediction_categories": {
                "correct_target": 1,
                "not_present_value": 1,
                "wrong_present_value": 1
              }
            },
            "N64_p16": {
              "count": 3,
              "correct": 0,
              "accuracy": 0.0,
              "prediction_categories": {
                "not_present_value": 2,
                "wrong_present_value": 1
              }
            },
            "N64_p17": {
              "count": 3,
              "correct": 2,
              "accuracy": 0.6666666666666666,
              "prediction_categories": {
                "correct_target": 2,
                "not_present_value": 1
              }
            },
            "N64_p18": {
              "count": 3,
              "correct": 2,
              "accuracy": 0.6666666666666666,
              "prediction_categories": {
                "correct_target": 2,
                "wrong_present_value": 1
              }
            },
            "N64_p19": {
              "count": 3,
              "correct": 2,
              "accuracy": 0.6666666666666666,
              "prediction_categories": {
                "correct_target": 2,
                "not_present_value": 1
              }
            },
            "N64_p2": {
              "count": 3,
              "correct": 1,
              "accuracy": 0.3333333333333333,
              "prediction_categories": {
                "correct_target": 1,
                "not_present_value": 2
              }
            },
            "N64_p20": {
              "count": 3,
              "correct": 2,
              "accuracy": 0.6666666666666666,
              "prediction_categories": {
                "correct_target": 2,
                "not_present_value": 1
              }
            },
            "N64_p21": {
              "count": 3,
              "correct": 1,
              "accuracy": 0.3333333333333333,
              "prediction_categories": {
                "correct_target": 1,
                "not_present_value": 2
              }
            },
            "N64_p22": {
              "count": 3,
              "correct": 3,
              "accuracy": 1.0,
              "prediction_categories": {
                "correct_target": 3
              }
            },
            "N64_p23": {
              "count": 3,
              "correct": 1,
              "accuracy": 0.3333333333333333,
              "prediction_categories": {
                "correct_target": 1,
                "not_present_value": 1,
                "wrong_present_value": 1
              }
            },
            "N64_p24": {
              "count": 3,
              "correct": 1,
              "accuracy": 0.3333333333333333,
              "prediction_categories": {
                "correct_target": 1,
                "not_present_value": 1,
                "wrong_present_value": 1
              }
            },
            "N64_p25": {
              "count": 3,
              "correct": 0,
              "accuracy": 0.0,
              "prediction_categories": {
                "not_present_value": 1,
                "unparseable": 1,
                "wrong_present_value": 1
              }
            },
            "N64_p26": {
              "count": 3,
              "correct": 2,
              "accuracy": 0.6666666666666666,
              "prediction_categories": {
                "correct_target": 2,
                "wrong_present_value": 1
              }
            },
            "N64_p27": {
              "count": 3,
              "correct": 1,
              "accuracy": 0.3333333333333333,
              "prediction_categories": {
                "correct_target": 1,
                "not_present_value": 2
              }
            },
            "N64_p28": {
              "count": 3,
              "correct": 2,
              "accuracy": 0.6666666666666666,
              "prediction_categories": {
                "correct_target": 2,
                "wrong_present_value": 1
              }
            },
            "N64_p29": {
              "count": 3,
              "correct": 2,
              "accuracy": 0.6666666666666666,
              "prediction_categories": {
                "correct_target": 2,
                "not_present_value": 1
              }
            },
            "N64_p3": {
              "count": 3,
              "correct": 0,
              "accuracy": 0.0,
              "prediction_categories": {
                "wrong_present_value": 3
              }
            },
            "N64_p30": {
              "count": 3,
              "correct": 0,
              "accuracy": 0.0,
              "prediction_categories": {
                "not_present_value": 3
              }
            },
            "N64_p31": {
              "count": 3,
              "correct": 2,
              "accuracy": 0.6666666666666666,
              "prediction_categories": {
                "correct_target": 2,
                "not_present_value": 1
              }
            },
            "N64_p32": {
              "count": 3,
              "correct": 3,
              "accuracy": 1.0,
              "prediction_categories": {
                "correct_target": 3
              }
            },
            "N64_p33": {
              "count": 3,
              "correct": 2,
              "accuracy": 0.6666666666666666,
              "prediction_categories": {
                "correct_target": 2,
                "not_present_value": 1
              }
            },
            "N64_p34": {
              "count": 3,
              "correct": 3,
              "accuracy": 1.0,
              "prediction_categories": {
                "correct_target": 3
              }
            },
            "N64_p35": {
              "count": 3,
              "correct": 2,
              "accuracy": 0.6666666666666666,
              "prediction_categories": {
                "correct_target": 2,
                "wrong_present_value": 1
              }
            },
            "N64_p36": {
              "count": 3,
              "correct": 3,
              "accuracy": 1.0,
              "prediction_categories": {
                "correct_target": 3
              }
            },
            "N64_p37": {
              "count": 3,
              "correct": 3,
              "accuracy": 1.0,
              "prediction_categories": {
                "correct_target": 3
              }
            },
            "N64_p38": {
              "count": 3,
              "correct": 0,
              "accuracy": 0.0,
              "prediction_categories": {
                "not_present_value": 2,
                "wrong_present_value": 1
              }
            },
            "N64_p39": {
              "count": 3,
              "correct": 2,
              "accuracy": 0.6666666666666666,
              "prediction_categories": {
                "correct_target": 2,
                "wrong_present_value": 1
              }
            },
            "N64_p4": {
              "count": 3,
              "correct": 2,
              "accuracy": 0.6666666666666666,
              "prediction_categories": {
                "correct_target": 2,
                "not_present_value": 1
              }
            },
            "N64_p40": {
              "count": 3,
              "correct": 1,
              "accuracy": 0.3333333333333333,
              "prediction_categories": {
                "correct_target": 1,
                "not_present_value": 1,
                "wrong_present_value": 1
              }
            },
            "N64_p41": {
              "count": 3,
              "correct": 1,
              "accuracy": 0.3333333333333333,
              "prediction_categories": {
                "correct_target": 1,
                "not_present_value": 2
              }
            },
            "N64_p42": {
              "count": 3,
              "correct": 2,
              "accuracy": 0.6666666666666666,
              "prediction_categories": {
                "correct_target": 2,
                "not_present_value": 1
              }
            },
            "N64_p43": {
              "count": 3,
              "correct": 3,
              "accuracy": 1.0,
              "prediction_categories": {
                "correct_target": 3
              }
            },
            "N64_p44": {
              "count": 3,
              "correct": 1,
              "accuracy": 0.3333333333333333,
              "prediction_categories": {
                "correct_target": 1,
                "not_present_value": 2
              }
            },
            "N64_p45": {
              "count": 3,
              "correct": 0,
              "accuracy": 0.0,
              "prediction_categories": {
                "not_present_value": 2,
                "wrong_present_value": 1
              }
            },
            "N64_p46": {
              "count": 3,
              "correct": 1,
              "accuracy": 0.3333333333333333,
              "prediction_categories": {
                "correct_target": 1,
                "not_present_value": 2
              }
            },
            "N64_p47": {
              "count": 3,
              "correct": 1,
              "accuracy": 0.3333333333333333,
              "prediction_categories": {
                "correct_target": 1,
                "not_present_value": 1,
                "wrong_present_value": 1
              }
            },
            "N64_p48": {
              "count": 3,
              "correct": 1,
              "accuracy": 0.3333333333333333,
              "prediction_categories": {
                "correct_target": 1,
                "not_present_value": 1,
                "wrong_present_value": 1
              }
            },
            "N64_p49": {
              "count": 3,
              "correct": 2,
              "accuracy": 0.6666666666666666,
              "prediction_categories": {
                "correct_target": 2,
                "wrong_present_value": 1
              }
            },
            "N64_p5": {
              "count": 3,
              "correct": 1,
              "accuracy": 0.3333333333333333,
              "prediction_categories": {
                "correct_target": 1,
                "not_present_value": 1,
                "wrong_present_value": 1
              }
            },
            "N64_p50": {
              "count": 3,
              "correct": 0,
              "accuracy": 0.0,
              "prediction_categories": {
                "not_present_value": 3
              }
            },
            "N64_p51": {
              "count": 3,
              "correct": 0,
              "accuracy": 0.0,
              "prediction_categories": {
                "not_present_value": 3
              }
            },
            "N64_p52": {
              "count": 3,
              "correct": 1,
              "accuracy": 0.3333333333333333,
              "prediction_categories": {
                "correct_target": 1,
                "not_present_value": 1,
                "wrong_present_value": 1
              }
            },
            "N64_p53": {
              "count": 3,
              "correct": 2,
              "accuracy": 0.6666666666666666,
              "prediction_categories": {
                "correct_target": 2,
                "wrong_present_value": 1
              }
            },
            "N64_p54": {
              "count": 3,
              "correct": 1,
              "accuracy": 0.3333333333333333,
              "prediction_categories": {
                "correct_target": 1,
                "not_present_value": 2
              }
            },
            "N64_p55": {
              "count": 3,
              "correct": 2,
              "accuracy": 0.6666666666666666,
              "prediction_categories": {
                "correct_target": 2,
                "not_present_value": 1
              }
            },
            "N64_p56": {
              "count": 3,
              "correct": 2,
              "accuracy": 0.6666666666666666,
              "prediction_categories": {
                "correct_target": 2,
                "not_present_value": 1
              }
            },
            "N64_p57": {
              "count": 3,
              "correct": 0,
              "accuracy": 0.0,
              "prediction_categories": {
                "not_present_value": 2,
                "wrong_present_value": 1
              }
            },
            "N64_p58": {
              "count": 3,
              "correct": 2,
              "accuracy": 0.6666666666666666,
              "prediction_categories": {
                "correct_target": 2,
                "not_present_value": 1
              }
            },
            "N64_p59": {
              "count": 3,
              "correct": 2,
              "accuracy": 0.6666666666666666,
              "prediction_categories": {
                "correct_target": 2,
                "not_present_value": 1
              }
            },
            "N64_p6": {
              "count": 3,
              "correct": 2,
              "accuracy": 0.6666666666666666,
              "prediction_categories": {
                "correct_target": 2,
                "wrong_present_value": 1
              }
            },
            "N64_p60": {
              "count": 3,
              "correct": 1,
              "accuracy": 0.3333333333333333,
              "prediction_categories": {
                "correct_target": 1,
                "not_present_value": 1,
                "wrong_present_value": 1
              }
            },
            "N64_p61": {
              "count": 3,
              "correct": 2,
              "accuracy": 0.6666666666666666,
              "prediction_categories": {
                "correct_target": 2,
                "not_present_value": 1
              }
            },
            "N64_p62": {
              "count": 3,
              "correct": 2,
              "accuracy": 0.6666666666666666,
              "prediction_categories": {
                "correct_target": 2,
                "not_present_value": 1
              }
            },
            "N64_p63": {
              "count": 3,
              "correct": 2,
              "accuracy": 0.6666666666666666,
              "prediction_categories": {
                "correct_target": 2,
                "not_present_value": 1
              }
            },
            "N64_p7": {
              "count": 3,
              "correct": 1,
              "accuracy": 0.3333333333333333,
              "prediction_categories": {
                "correct_target": 1,
                "not_present_value": 1,
                "wrong_present_value": 1
              }
            },
            "N64_p8": {
              "count": 3,
              "correct": 0,
              "accuracy": 0.0,
              "prediction_categories": {
                "not_present_value": 2,
                "wrong_present_value": 1
              }
            },
            "N64_p9": {
              "count": 3,
              "correct": 1,
              "accuracy": 0.3333333333333333,
              "prediction_categories": {
                "correct_target": 1,
                "not_present_value": 2
              }
            }
          },
          "normal_by_N_position_quartile": {
            "N16_q0": {
              "count": 51,
              "correct": 46,
              "accuracy": 0.9019607843137255,
              "prediction_categories": {
                "correct_target": 46,
                "not_present_value": 3,
                "wrong_present_value": 2
              }
            },
            "N16_q1": {
              "count": 51,
              "correct": 49,
              "accuracy": 0.9607843137254902,
              "prediction_categories": {
                "correct_target": 49,
                "not_present_value": 2
              }
            },
            "N16_q2": {
              "count": 51,
              "correct": 49,
              "accuracy": 0.9607843137254902,
              "prediction_categories": {
                "correct_target": 49,
                "not_present_value": 1,
                "unparseable": 1
              }
            },
            "N16_q3": {
              "count": 39,
              "correct": 37,
              "accuracy": 0.9487179487179487,
              "prediction_categories": {
                "correct_target": 37,
                "not_present_value": 2
              }
            },
            "N64_q0": {
              "count": 48,
              "correct": 17,
              "accuracy": 0.3541666666666667,
              "prediction_categories": {
                "correct_target": 17,
                "not_present_value": 18,
                "unparseable": 1,
                "wrong_present_value": 12
              }
            },
            "N64_q1": {
              "count": 48,
              "correct": 23,
              "accuracy": 0.4791666666666667,
              "prediction_categories": {
                "correct_target": 23,
                "not_present_value": 17,
                "unparseable": 1,
                "wrong_present_value": 7
              }
            },
            "N64_q2": {
              "count": 48,
              "correct": 28,
              "accuracy": 0.5833333333333334,
              "prediction_categories": {
                "correct_target": 28,
                "not_present_value": 14,
                "wrong_present_value": 6
              }
            },
            "N64_q3": {
              "count": 48,
              "correct": 22,
              "accuracy": 0.4583333333333333,
              "prediction_categories": {
                "correct_target": 22,
                "not_present_value": 20,
                "wrong_present_value": 6
              }
            }
          }
        },
        "adapter_storage": {
          "loaded": true,
          "tensors": 224,
          "parameters": 1154104,
          "fp16_payload_bytes": 2308208,
          "resident_storage_bytes": 2308208,
          "persistent_buffer_bytes": 0,
          "additional_recurrent_cache_bytes": 0,
          "ema_enabled": false,
          "cache_plus_adapter_bytes": 30808176,
          "serialized_file_bytes": 2375743,
          "adapter_sha256": "339334b3431027504fb8da4ce3167d63c8c2f309920cfb0076bde1f72a115cb7",
          "tensor_sha256": {
            "layer0.V_read": "e883258e1553188eb944ac509691f38a84412277cda1b440fb4fe5001c157a26",
            "layer0.g_read": "21da2bbe7ce4bd78bb3e818fa3dee8628c774863b8c1415ef3cc654864ccd262",
            "layer0.router_w": "9c6945df5b04afc2f67afb1280a59690c6f750f0216d41d65efa4b2e31ddc4f4",
            "layer0.router_b": "ebbb11c8f59b403f66668cc95e0db57bd4e2497576522ddebec771d77670abd8",
            "layer1.V_read": "07ad8fce35d3bac3868c66b783010bc9ce993c47d26c9ac2ac7e052abf447339",
            "layer1.g_read": "371902acc11ad9eabec1f026514e6ff0aa1f90841ac5a78e571a30f6a21084ae",
            "layer1.router_w": "d583f22e0b33b2029d99c9b912fff56a36761c4f2cc09793c6a7a5482a6b3812",
            "layer1.router_b": "f47fe0dbb02326606c3752306eeb57abfa1b8370545ad7b23a91791074459042",
            "layer2.V_read": "655148ad2254ab6012787267e33058d140ae262a8195d13130a575ad46fb2582",
            "layer2.g_read": "1c0e20a4e89ee893ac506310bb61c4aa9ffb2daf7620e741a4e3a335c033fd3b",
            "layer2.router_w": "a1743f80dff2ec8a47fd4fb1943b1805af1327f9babe9b0bcd5edbe3b99280ee",
            "layer2.router_b": "df8dac016c676e9f895ab0dbca95ddd64681d8816e2d1fcc6d44c3472e93eb49",
            "layer3.V_read": "8cbc18b1ca01f61f83d47aa4ed8c6e997a5e90e9a29d033616b5888df5a8d702",
            "layer3.g_read": "14ce2c49ee3f727934befb500bddd39190e10792598dbeb034f895cf9e51b4da",
            "layer3.router_w": "00c5eccfe2c5702a5a8b2722e9535254f888644a353a8491ac295227e1a158a9",
            "layer3.router_b": "507f223d9339008322a491d3d4d9dd77e2e1dd99dd88b9a17e19e2bfdb235b65",
            "layer4.V_read": "7450eb6a34181f74fd35e6d2d3cbdb799dda6d28f4e5b092eceb5427ab061875",
            "layer4.g_read": "0057485ebcfe81a6b8bb8102d066df6c635da4369c9d3626631ae7d8bd596e63",
            "layer4.router_w": "486801d629622f7bc0682aa09c4b00ecb60d43cbd72931f801177b3bf5da739c",
            "layer4.router_b": "de6343c9dac0fa5e944b0260a84812bf8e0cc2efd38014a76d85709a524ad535",
            "layer5.V_read": "9766f6084303a0c5a12ee217caea2644cef567277d03ef2822b6838c811a3aab",
            "layer5.g_read": "5d0461f0a072c694c98d32aac8fa26258a570cdd3db1cddbec7984522edd37b6",
            "layer5.router_w": "8ee2cfde7122b3af09d7723a9ef1ba0bea5a5eb1d4216212249bee28262a979f",
            "layer5.router_b": "507f223d9339008322a491d3d4d9dd77e2e1dd99dd88b9a17e19e2bfdb235b65",
            "layer6.V_read": "8295e2fa94b5e765780b0faa3019b8fc46a4f5647bbd66a610435200cd3aeabe",
            "layer6.g_read": "0a58d7383150ac213fcd2f8f180935563b4b346e13cb59932e8e588e32a124f2",
            "layer6.router_w": "49ad3080b744edf4c89febf9c1bbe22ee0f83321f8a79aa595deff3b80262196",
            "layer6.router_b": "507f223d9339008322a491d3d4d9dd77e2e1dd99dd88b9a17e19e2bfdb235b65",
            "layer7.V_read": "1534d6788c0980670340a106d62e66df114a078794be660543f12d8ce3da1b74",
            "layer7.g_read": "9b53288aa78eafb87302ed2dfc329e299cfbbd8f558df11760e45a0b12e3b470",
            "layer7.router_w": "caab60cb2b6694292f1872dc4a573869b2147badbdf9fb3062278b75f133ca1a",
            "layer7.router_b": "82b5a0487992a93bbceefc7d417bb0a9ccfbbfd955b99d0784bc73a8f1de5b53",
            "layer8.V_read": "2d6654cdab0d04c1a8ba0cac01804dea72142659af62b74e4eda2cb6d6aec8fc",
            "layer8.g_read": "80e48d5268e66e6365136d9f5f8589853d2c18b2b9555bd1bd160c2833c9c3d6",
            "layer8.router_w": "f650c54fbdad091ce3dcd02a6bdea6b7a860f94c0bed4923682776917f5dabcf",
            "layer8.router_b": "de6343c9dac0fa5e944b0260a84812bf8e0cc2efd38014a76d85709a524ad535",
            "layer9.V_read": "03556b25756a334b80fc92648824099dbbdedbfcd4e1ed1a61d114d45e064612",
            "layer9.g_read": "027de6a28a72effd0ab7b33fed30ecb2cf13823a708e63bc653432b3553e725d",
            "layer9.router_w": "b9017a642e7d0733bb688572e40d1341afa6f8907c81386c882f024d878b9683",
            "layer9.router_b": "82b5a0487992a93bbceefc7d417bb0a9ccfbbfd955b99d0784bc73a8f1de5b53",
            "layer10.V_read": "c98d5d030b48032c1cdbdfcf7babfaee0a89a6509fdc0d97adc45e4b575cd30f",
            "layer10.g_read": "fe50a9335221d56683beee3f929f89991481a8c070b238b1a667bdb322f4d0f3",
            "layer10.router_w": "0ce7357bc50785e7386ad1ddd1ea89d269f41971547438292b982eefbb897335",
            "layer10.router_b": "82b5a0487992a93bbceefc7d417bb0a9ccfbbfd955b99d0784bc73a8f1de5b53",
            "layer11.V_read": "578c3e4d3c21c717272e34005e5cd1dd1a10b8d5939e1f70eafdb9044f9116e8",
            "layer11.g_read": "6ff03bfc77584ee8afbc8e8340bc4c6e2cc83dcad3079a7c1101b884c12999cf",
            "layer11.router_w": "18547104676951977d500f08a9524955721bed8770b1896ea422f438bb108c62",
            "layer11.router_b": "f47fe0dbb02326606c3752306eeb57abfa1b8370545ad7b23a91791074459042",
            "layer12.V_read": "778604341f8fb805c963589e6307c185f7e99a7e255eaa78829c31b070725a64",
            "layer12.g_read": "a5d8ee6f8accc6d2f1ac96db2de04e401fa19678f16cdc3739f6af26557f60dd",
            "layer12.router_w": "38b497cb082468a62ac9967ea34e84c74fbcf93e597b42650755b5f755be809d",
            "layer12.router_b": "507f223d9339008322a491d3d4d9dd77e2e1dd99dd88b9a17e19e2bfdb235b65",
            "layer13.V_read": "e81ac938ebf90b4d310a33ab922558f09f30a6fd21f1eadc765374c6b151bc77",
            "layer13.g_read": "f64928acf51ed966f8132a86f9bbfed9e8071eb9d99262f5f21474904efbf84f",
            "layer13.router_w": "f40143154644408360ebb24c803c28c4fd4712b99c93d55010567bc8270a9bec",
            "layer13.router_b": "82b5a0487992a93bbceefc7d417bb0a9ccfbbfd955b99d0784bc73a8f1de5b53",
            "layer14.V_read": "cde690f2777a41c3b1ca0bc5fdcd33c8fae55682a4847cb17093146ddb01f56c",
            "layer14.g_read": "538cde1e6da1e7d729f4f479a0480f69c316e24fea983d17a44427d7e93abf59",
            "layer14.router_w": "f8ce523ada74484f747f6ab2b26d2b481933cf258b75ca17a12462988abad7a3",
            "layer14.router_b": "df8dac016c676e9f895ab0dbca95ddd64681d8816e2d1fcc6d44c3472e93eb49",
            "layer15.V_read": "0f92c83f2035728e517e01f480385a59ef977d6d7d318d95db6e8a1cda3edb94",
            "layer15.g_read": "4b8529fb95b846d429f638aa4ad2d023b13db8482eecbe2430ebcf4600efc131",
            "layer15.router_w": "c526b90d97e6110c0f982520adf6e432a366fe8517a3fcc7579615f08914c81a",
            "layer15.router_b": "df8dac016c676e9f895ab0dbca95ddd64681d8816e2d1fcc6d44c3472e93eb49",
            "layer16.V_read": "df022a1b1ad2850f4a0a643a57061d9c8b767faab8838bc42dbaca856a581b29",
            "layer16.g_read": "f545cb9f22324fe44a9f2c44ece81d6e89f56fd9456486921a78dff3a77f4322",
            "layer16.router_w": "66a9b0ac6f6f93d3693901ca77c6ed75fa74f7e7fd10711b14cfd775ba26bf45",
            "layer16.router_b": "df8dac016c676e9f895ab0dbca95ddd64681d8816e2d1fcc6d44c3472e93eb49",
            "layer17.V_read": "ffee5b22c0f310eafe426b64c5140b4dab93ec93ed53b05247502ea51257f8d5",
            "layer17.g_read": "f09637e0741f11510e75ef3aa272ab935d6f3614a9898f2f5d16dc39bac85f4c",
            "layer17.router_w": "b6dfe1554a14754f3ee6d76863e97a7c92f2622ba972fdbf4f38892d70d40373",
            "layer17.router_b": "ebbb11c8f59b403f66668cc95e0db57bd4e2497576522ddebec771d77670abd8",
            "layer18.V_read": "3cf78b749b2969e778b576e3b27947bea8ef06b534ac21ce55413ff23efd8b65",
            "layer18.g_read": "b225749bd43bdc23a63ccc8bcb2cf37a54385bd429fde50e4e59c9c181addfa8",
            "layer18.router_w": "1bd139f9b5533a21ac404819dd784e8f71276d8ae4a278bb9b4eb7e09f519a8f",
            "layer18.router_b": "ebbb11c8f59b403f66668cc95e0db57bd4e2497576522ddebec771d77670abd8",
            "layer19.V_read": "13db808121019768fff38f81f10999e8f1da4166d291e618ade77f788a1e3123",
            "layer19.g_read": "6c62ea641f959683df2de6cd68b4a9f8509a875bb22ce529c6f25e966f5b2e7e",
            "layer19.router_w": "bd27773de87a5134d86adf4910074779520a55d4add9090d5f26e14f4c9f7932",
            "layer19.router_b": "df8dac016c676e9f895ab0dbca95ddd64681d8816e2d1fcc6d44c3472e93eb49",
            "layer20.V_read": "f78a5cf87e062abb17c82fed1d91f5f58da2f35d55c71da8e57d962f4fdf29f9",
            "layer20.g_read": "c38a4cf0f111cecb0370a29659be2ac624efcd8caaf98dc41ed1fbf4227731e2",
            "layer20.router_w": "90c310d55ab47087ce460d8bb0a0ebde20a15323fbf7e733a87f38ed158daa62",
            "layer20.router_b": "f47fe0dbb02326606c3752306eeb57abfa1b8370545ad7b23a91791074459042",
            "layer21.V_read": "f27726cdf9727ac7349cb0d0bc5eae64ac8471d3127133c6896efb7cdb811b3c",
            "layer21.g_read": "6884e59351eee4b459b8272622bed8d4bd4408bc47a488f89c8a101f0e27acea",
            "layer21.router_w": "ae1fe318f4e9f1c3e43b1e7c63a7caea5cd25a83789f96ca77fbf5dfa6825b01",
            "layer21.router_b": "f47fe0dbb02326606c3752306eeb57abfa1b8370545ad7b23a91791074459042",
            "layer22.V_read": "1b126529a82400b3e959c7db50c744dd4a286d433ef23cedb75010da3b5ed299",
            "layer22.g_read": "8121b16e996f6368c4f52787771a17dfdc27a3108af0c50fe966213a110a2ee0",
            "layer22.router_w": "3167ea2351975c44f2aaf07082b8419904d4c19e9c5f3563c34d01824bb935ab",
            "layer22.router_b": "f47fe0dbb02326606c3752306eeb57abfa1b8370545ad7b23a91791074459042",
            "layer23.V_read": "526efff38c58c7c93cfcfd26317274a9959086f713bef0a7a271f9d9bdc43db3",
            "layer23.g_read": "80efc93f8d2a6ad9481281f86989d80704b2671e9287fc2dd631ba0f1f09ab74",
            "layer23.router_w": "1e29add0c01bef2cb719eb5d231529ed5da2d496b041e2e1ee2756d22ce4d47b",
            "layer23.router_b": "f47fe0dbb02326606c3752306eeb57abfa1b8370545ad7b23a91791074459042",
            "layer24.V_read": "0dc8c50cbc0973fdef9e1c323d1f1024813c248fc5dac81f5de81e223c14004f",
            "layer24.g_read": "0050747a3a3d5f3018ab3266a365b2acb3e0e744427bccf6b4c13105c79dbee6",
            "layer24.router_w": "c8669db30d6ac88e662a63ca07bf35ddfeb9c6fbce6ef7a97954bd0e3e608c25",
            "layer24.router_b": "df8dac016c676e9f895ab0dbca95ddd64681d8816e2d1fcc6d44c3472e93eb49",
            "layer25.V_read": "824bf5208ee4a16d999babbd5b3c620c3f8bc2d2c872386b86ac72b0ea35b820",
            "layer25.g_read": "a9ae6d280a213074f34e838839cbb98f21d9eed525eed78dc2184cb59f90dd07",
            "layer25.router_w": "8a0b06d95987f977e8452f3a6379d3c855966a27ad0caf20f9cf1c25b59e5140",
            "layer25.router_b": "f47fe0dbb02326606c3752306eeb57abfa1b8370545ad7b23a91791074459042",
            "layer26.V_read": "ca68015cbd2cee56f0d3f53d9bf21b3b7e6b5cccbf52321078f4db6bee5de053",
            "layer26.g_read": "661a0d33d10e61469a64426cadabbcc3dcd0c1c485c8bbace387ac921e017704",
            "layer26.router_w": "02841beadb22fc2ddae2c20b2be88b1ac53ab3158f56afe0f5d78e1c48e58da6",
            "layer26.router_b": "f47fe0dbb02326606c3752306eeb57abfa1b8370545ad7b23a91791074459042",
            "layer27.V_read": "575d8b4971f36d344a3d00011c89ba22e27ed5b1bc2968019d6f2fb39c886be1",
            "layer27.g_read": "8f5ac8231204cd80e5e5ce6d3cf7f79e1d0ea45d5bc5ab4edc0ff2e5a00f7ea8",
            "layer27.router_w": "d5d01da2f31e1b32b14a873f54d96d80cd6ef1795cec588c8dba4290349a1317",
            "layer27.router_b": "f47fe0dbb02326606c3752306eeb57abfa1b8370545ad7b23a91791074459042",
            "layer28.V_read": "5583ed581265a90827f83b97ba8d7de264dfd3ce3708e1eb523726d2804a2af0",
            "layer28.g_read": "f1d23a2db7d96fa11150b05a0492e1fc3e40b3c2533978cc80927a91469d16b6",
            "layer28.router_w": "fa2c172e0a3657c2f263503ccff408abe9981b3771d15ab5da0d3f61694321c5",
            "layer28.router_b": "df8dac016c676e9f895ab0dbca95ddd64681d8816e2d1fcc6d44c3472e93eb49",
            "layer29.V_read": "7889d2a0c0bf6a80bab7c11d67829604b8cb6610b8d85ba148e26045d471b9c2",
            "layer29.g_read": "e7f2b67b70303d8190d440920c71e6438ba92a40721ae00629e77a5fdc394879",
            "layer29.router_w": "5857353d038cf5d45c4314af4f03a39dd1aded93197ec991a63fb7430ec33a63",
            "layer29.router_b": "82b5a0487992a93bbceefc7d417bb0a9ccfbbfd955b99d0784bc73a8f1de5b53",
            "layer30.V_read": "9620969a987de974226e84307e64bab2f92f2142b25cc80a2b69729be4cb6881",
            "layer30.g_read": "6cd4a4fecb667835fdc86e8063bdcaaea868ce7e50c26f32a631f293a968b731",
            "layer30.router_w": "3448897a9f264927100d7aaaf81ae7235533ad17bf107d97993f92843d84c489",
            "layer30.router_b": "507f223d9339008322a491d3d4d9dd77e2e1dd99dd88b9a17e19e2bfdb235b65",
            "layer31.V_read": "9b18a86a6ade6ea94773930a9d96a86b9298de67a275b9243e3f2414b1c80759",
            "layer31.g_read": "a7a6768d4d357cd839618915ed7c5f741d75c5b4b0f4b38faa43fb4679616cbc",
            "layer31.router_w": "4381191162708ec2f1a6d2510ed1380959c710c3b8823b1711b7cb5bbe3ec476",
            "layer31.router_b": "82b5a0487992a93bbceefc7d417bb0a9ccfbbfd955b99d0784bc73a8f1de5b53",
            "layer32.V_read": "b60fe92b01f2c316450f9d3e4900ae1bc2d7d01f7b84b85b565937eb9cb25cf7",
            "layer32.g_read": "7177c859f7d69295d6e112fc9c43b7d26185b50027df40c7ac0b37ae31ed62c8",
            "layer32.router_w": "d7ba13c6b8eb8707081a3e785928ae051954a43affa8a7f4e82a55f3d0af3867",
            "layer32.router_b": "507f223d9339008322a491d3d4d9dd77e2e1dd99dd88b9a17e19e2bfdb235b65",
            "layer33.V_read": "42ceafb479bcc9ab8c9cf06aabe3144d604c7ab6c43c5649b1dc126e0340898b",
            "layer33.g_read": "dd6f0613cc366622f119472fc45810feff3881132aeebac207b472a95b04a32c",
            "layer33.router_w": "fef0e31de79b9474b4e84a3fcb5eba18b736b022f157b522be05ff92adb2d128",
            "layer33.router_b": "82b5a0487992a93bbceefc7d417bb0a9ccfbbfd955b99d0784bc73a8f1de5b53",
            "layer34.V_read": "b853c355d9609c562c89d3e90325811f90be847bdca67b3c1ac24e5b5f6326cd",
            "layer34.g_read": "9209481dd9eb463d4ca1364f42156000e2f6011e49633f1c80d607c0192651d4",
            "layer34.router_w": "ec032083978c5499ce30c0eb8c1cd54c00274a53789ad32ab3949b5da50572f6",
            "layer34.router_b": "507f223d9339008322a491d3d4d9dd77e2e1dd99dd88b9a17e19e2bfdb235b65",
            "layer35.V_read": "39fb3cdd1475c15d6af35568e84531e516bb4c77b78088d6918e0b390805a01c",
            "layer35.g_read": "aaffe9886535ed82ab86c1c6b49c03713e545ba851cde68e5e99428b90df1134",
            "layer35.router_w": "d53f6380d903c35e1bc1401e2d6329ce74c74e99ab24de10283b55eea37831dd",
            "layer35.router_b": "82b5a0487992a93bbceefc7d417bb0a9ccfbbfd955b99d0784bc73a8f1de5b53",
            "layer36.V_read": "c2d73116b6a12df6dc1f9ca0278bb22e8ea8fbc69c9343f847538febade738fb",
            "layer36.g_read": "de7cad27d58d5d1ac3bd9d291e61b1873ed4db1f6ca6631c4b117fe218832fb8",
            "layer36.router_w": "6a31a03425b194c6bff1aabcc58b4ee356dba701b3d36e689d686829f8a58f38",
            "layer36.router_b": "82b5a0487992a93bbceefc7d417bb0a9ccfbbfd955b99d0784bc73a8f1de5b53",
            "layer37.V_read": "4e8d036b75e006e170e9458876e46dd05c478a82de6e6f2a76d16a484cfacb12",
            "layer37.g_read": "e6da8c1b97383c7ecd2490b5e7af5035b4b72c77233c915a8bd71b156bb49567",
            "layer37.router_w": "cf6b52ddb92a77dcb57cbaaf6c9c08f1d42654171fb412a114c2a11f2b051f15",
            "layer37.router_b": "82b5a0487992a93bbceefc7d417bb0a9ccfbbfd955b99d0784bc73a8f1de5b53",
            "layer38.V_read": "a25b38a04edaf93f5a4e2097b4adc9b82aad242b92978d4c8de015978647d170",
            "layer38.g_read": "f34b2e4db5794c2c06e03dc812773af5cea6e8a9f922f202328b91a000098ddb",
            "layer38.router_w": "4f2938b562cd9c073e6ce8d8f576396fc52d2ff1c661bac107a855a1c39f2589",
            "layer38.router_b": "507f223d9339008322a491d3d4d9dd77e2e1dd99dd88b9a17e19e2bfdb235b65",
            "layer39.V_read": "269907b3069c598fd66d5adba779bf723fc1c7ff6765672478b20f0d1c24f205",
            "layer39.g_read": "e4793e87ea64d5c915ec966eab2aac54b06fd4a0e7e2e384add483dd7df925cc",
            "layer39.router_w": "aa766b078afea078e44621f66b70854af29f6d70ed93875cf9b9d16d603ccaea",
            "layer39.router_b": "82b5a0487992a93bbceefc7d417bb0a9ccfbbfd955b99d0784bc73a8f1de5b53",
            "layer40.V_read": "e140c8c9723025e1e6ffd65fe00f5b32cedbe6bfcf6788930f5085c630c554c7",
            "layer40.g_read": "555dd91a9ceb69d3c8be0d39d274e7a8b48520221ec1a0030918f488331a4efe",
            "layer40.router_w": "19e51a5dfa742eb3bdcad7c1ed52f7954606e7373c68bfaa67d1ae54aa96ebcb",
            "layer40.router_b": "82b5a0487992a93bbceefc7d417bb0a9ccfbbfd955b99d0784bc73a8f1de5b53",
            "layer41.V_read": "f9bae54f76ce4c8009d7183bc02a1a9185e608928465eef423171a2bc7fc42ef",
            "layer41.g_read": "85c6ffbc8847fb142ff2b124644d6e75f1f5621242efe9cc6370c9570d7064bb",
            "layer41.router_w": "ae55183579b59ba572b8fc5661b66f0ad46180c3f90a4b790f8b7d49cf461877",
            "layer41.router_b": "df8dac016c676e9f895ab0dbca95ddd64681d8816e2d1fcc6d44c3472e93eb49",
            "layer42.V_read": "d73801bbf561446c1511055dd3a89306f5fab41be276f1befafc844132327c98",
            "layer42.g_read": "31961d73313049152acf0d61297445d24fea6c8504664ab011cce95e702be827",
            "layer42.router_w": "2341e6d64231ec112f20a0ae609707cc6b30387c7cd73b8fd99ee9f8bd12efa2",
            "layer42.router_b": "df8dac016c676e9f895ab0dbca95ddd64681d8816e2d1fcc6d44c3472e93eb49",
            "layer43.V_read": "661396091f635fdc712470383b34938b4e4b8125b422154fe0b91bcf3eab5a0e",
            "layer43.g_read": "5fc00bef573301dc5bb56e3bb9fd69d57c505ada4cf2463c3a2131cddb6be62f",
            "layer43.router_w": "828cc5d3444aae82bbde9fe7b9d35d4cf710fb3e407295122da53805b5314adb",
            "layer43.router_b": "df8dac016c676e9f895ab0dbca95ddd64681d8816e2d1fcc6d44c3472e93eb49",
            "layer44.V_read": "31069e19875e66f2c80db4dcb5a82d94cbe79789db4e06ca3c74cd270aa75aa0",
            "layer44.g_read": "587ec83c4e08c8d654ed34aa0e3101e501029974844ff6c3e015775d57e88eef",
            "layer44.router_w": "88f5e128f7a2056cb4bd2c13204b164fd7ffb77c5c1771b18b0df2b4a72def55",
            "layer44.router_b": "df8dac016c676e9f895ab0dbca95ddd64681d8816e2d1fcc6d44c3472e93eb49",
            "layer45.V_read": "79074b5ae85c41eb62b2213424025c25a201ec49e483b5d4b8b52577f81dec13",
            "layer45.g_read": "b7effa4ecba84a558aa1e71ef6e716ef6b6d0b4473e36cad8d00c2810a2f89c9",
            "layer45.router_w": "c1e15647e09a0c7b15e4d58efe1680a304ba127ac6fb95fe5a2bb497c115981e",
            "layer45.router_b": "df8dac016c676e9f895ab0dbca95ddd64681d8816e2d1fcc6d44c3472e93eb49",
            "layer46.V_read": "9696300baf599360b6502c4e1d1d11e70aeb262586f8fb4465de7b1a74efb656",
            "layer46.g_read": "afe2729ee0c33c34db27a1838607f981cae17c67ed80f108a63c49fb72661edc",
            "layer46.router_w": "56cd1b79b52f41de98965d1f131d1f32714cb7d91a7e8f940c791e1acd572821",
            "layer46.router_b": "df8dac016c676e9f895ab0dbca95ddd64681d8816e2d1fcc6d44c3472e93eb49",
            "layer47.V_read": "2b32bbd311baefc21244dea15a8848d3cea091052e632a756696ed6299435859",
            "layer47.g_read": "59c76f9264c6ac3531a6b731002f0bc1b1e3321ddfcf0b99d9e46d88cfdb963e",
            "layer47.router_w": "8624375fc39a1b2ffb560fe297293b27f4680da396b521a9fdf26bdde3a04149",
            "layer47.router_b": "df8dac016c676e9f895ab0dbca95ddd64681d8816e2d1fcc6d44c3472e93eb49",
            "layer48.V_read": "492f40a608b0ae7526f56d43c1dc806c640f73de54f2c77c3bd2f9422b5e1041",
            "layer48.g_read": "a207b34941a49e84590ab8ba8ed17311213ee014bb357ca74e31b3752effc11a",
            "layer48.router_w": "678d5e98951b45317b062e2b2fd54bd461cc15dd76888d08018633504fc88ff3",
            "layer48.router_b": "df8dac016c676e9f895ab0dbca95ddd64681d8816e2d1fcc6d44c3472e93eb49",
            "layer49.V_read": "c79f1b65fac9d6fee003802d956741f48e81266dd7983c426ef228dc760e491a",
            "layer49.g_read": "883d49d61ed61ae3cb41eb5da9dc4b1b07d13a75a0926131b03c3cb8f21fb4cd",
            "layer49.router_w": "5506ed526a7d26248c5e8cc4ec4ebf1f9f232f6a0c44c946595beb04b6b18ccd",
            "layer49.router_b": "df8dac016c676e9f895ab0dbca95ddd64681d8816e2d1fcc6d44c3472e93eb49",
            "layer50.V_read": "cf1b6262db5bd4131e1609c870aad5ff81df21e745cd183e40d1c839fb6b8fd1",
            "layer50.g_read": "e73e9959271e3218aee1dcd7de8b74b0ffb9d350981139b9d5961dcea5c3bdfc",
            "layer50.router_w": "63bdf1d316f0f0d3e4634a2eb1fbe17909175681ebd2d45f7bfdff0603a85d7f",
            "layer50.router_b": "82b5a0487992a93bbceefc7d417bb0a9ccfbbfd955b99d0784bc73a8f1de5b53",
            "layer51.V_read": "e42c599f055cb62ae66c6a3e8946d9a7dad9f8f839e05326d7483590cde8af62",
            "layer51.g_read": "53bebbd8895825e43c47005f804eb4822132d2ba24b3624125301c447f2a945a",
            "layer51.router_w": "3f6d98763ae68e728501a28f96427cec2844b2eb5fd8ed1847ff885572073122",
            "layer51.router_b": "82b5a0487992a93bbceefc7d417bb0a9ccfbbfd955b99d0784bc73a8f1de5b53",
            "layer52.V_read": "351246b4455f00949e3fd5039a215cd155f185e09e9ea237e41a4f470f118359",
            "layer52.g_read": "8bc7fd9f251ad3d12508ec72c38726ed0559b0f5e4577db35cfb4279bf32808e",
            "layer52.router_w": "87080fb2170cfe948c2b0743de73f0999640fcdf43c0bc295d2e1450c9f046eb",
            "layer52.router_b": "82b5a0487992a93bbceefc7d417bb0a9ccfbbfd955b99d0784bc73a8f1de5b53",
            "layer53.V_read": "5e2b27ab02e57e4c879f6cb6678085820ec30bec1dcdf3f2c5ade5a1a9f365db",
            "layer53.g_read": "e0c43e6973d3bdcc4530b9709a70acbbdfea99f9c14f1a93c69416d2cf877b22",
            "layer53.router_w": "4da524e8f687186b7a914380139fecf27fb7a908a6cd4f3da7202d1f904733f5",
            "layer53.router_b": "507f223d9339008322a491d3d4d9dd77e2e1dd99dd88b9a17e19e2bfdb235b65",
            "layer54.V_read": "f7a15efb156eec132f06648873c2210b9a56bb40b04673379e4fbdc5a6afde0b",
            "layer54.g_read": "203fef6a3ae71b8711ddaf368042d009664c806fe46964e905f5e135a3cfdf6a",
            "layer54.router_w": "e71209be2f0ed8ef552c5180318f0f03284c0569621cc8bafb0ee37a52e4a005",
            "layer54.router_b": "de6343c9dac0fa5e944b0260a84812bf8e0cc2efd38014a76d85709a524ad535",
            "layer55.V_read": "adbe22802baac2bc9744bdeb2ffa91f7b105325d8c867ad6ebfd86536c31480e",
            "layer55.g_read": "f44b7f3dd9cdf63fa9c669f251f5364f4a765137c3934cc0bd42ec2889724879",
            "layer55.router_w": "14e0586dd5124b78bdb3b98bfb2df634ca2d215f51c342057f74cc78f45c858e",
            "layer55.router_b": "4acf16f8c69e905610638b3a55b23e51c5f08fdc98aa160c8624a2962334adce"
          },
          "tensors_unchanged": true,
          "scope": "Actual distinct CUDA parameter storage; source weights, temporaries and allocator reserve excluded"
        }
      },
      "restored_v10_no_adapter": {
        "complete": true,
        "ppl": 8.186186562837207,
        "ppl_windows": 130,
        "ppl_targets": 264764,
        "mk_cases": 768,
        "mk": {
          "normal": {
            "correct": 32,
            "count": 384,
            "accuracy": 0.08333333333333333
          },
          "target_removed": {
            "correct": 0,
            "count": 384,
            "accuracy": 0.0
          }
        },
        "summary": {
          "normal": {
            "count": 384,
            "correct": 32,
            "accuracy": 0.08333333333333333,
            "prediction_categories": {
              "correct_target": 32,
              "not_present_value": 128,
              "unparseable": 3,
              "wrong_present_value": 221
            }
          },
          "target_removed": {
            "count": 384,
            "correct": 0,
            "accuracy": 0.0,
            "prediction_categories": {
              "not_present_value": 226,
              "other_present_value": 156,
              "unparseable": 2
            }
          }
        },
        "strata": {
          "normal_by_N": {
            "16": {
              "count": 192,
              "correct": 30,
              "accuracy": 0.15625,
              "prediction_categories": {
                "correct_target": 30,
                "not_present_value": 28,
                "wrong_present_value": 134
              }
            },
            "64": {
              "count": 192,
              "correct": 2,
              "accuracy": 0.010416666666666666,
              "prediction_categories": {
                "correct_target": 2,
                "not_present_value": 100,
                "unparseable": 3,
                "wrong_present_value": 87
              }
            }
          },
          "normal_by_template": {
            "0": {
              "count": 128,
              "correct": 7,
              "accuracy": 0.0546875,
              "prediction_categories": {
                "correct_target": 7,
                "not_present_value": 29,
                "unparseable": 2,
                "wrong_present_value": 90
              }
            },
            "1": {
              "count": 128,
              "correct": 5,
              "accuracy": 0.0390625,
              "prediction_categories": {
                "correct_target": 5,
                "not_present_value": 65,
                "unparseable": 1,
                "wrong_present_value": 57
              }
            },
            "2": {
              "count": 128,
              "correct": 20,
              "accuracy": 0.15625,
              "prediction_categories": {
                "correct_target": 20,
                "not_present_value": 34,
                "wrong_present_value": 74
              }
            }
          },
          "normal_by_N_template": {
            "N16_t0": {
              "count": 64,
              "correct": 6,
              "accuracy": 0.09375,
              "prediction_categories": {
                "correct_target": 6,
                "not_present_value": 6,
                "wrong_present_value": 52
              }
            },
            "N16_t1": {
              "count": 64,
              "correct": 5,
              "accuracy": 0.078125,
              "prediction_categories": {
                "correct_target": 5,
                "not_present_value": 17,
                "wrong_present_value": 42
              }
            },
            "N16_t2": {
              "count": 64,
              "correct": 19,
              "accuracy": 0.296875,
              "prediction_categories": {
                "correct_target": 19,
                "not_present_value": 5,
                "wrong_present_value": 40
              }
            },
            "N64_t0": {
              "count": 64,
              "correct": 1,
              "accuracy": 0.015625,
              "prediction_categories": {
                "correct_target": 1,
                "not_present_value": 23,
                "unparseable": 2,
                "wrong_present_value": 38
              }
            },
            "N64_t1": {
              "count": 64,
              "correct": 0,
              "accuracy": 0.0,
              "prediction_categories": {
                "not_present_value": 48,
                "unparseable": 1,
                "wrong_present_value": 15
              }
            },
            "N64_t2": {
              "count": 64,
              "correct": 1,
              "accuracy": 0.015625,
              "prediction_categories": {
                "correct_target": 1,
                "not_present_value": 29,
                "wrong_present_value": 34
              }
            }
          },
          "normal_by_N_query_position": {
            "N16_p0": {
              "count": 15,
              "correct": 9,
              "accuracy": 0.6,
              "prediction_categories": {
                "correct_target": 9,
                "not_present_value": 2,
                "wrong_present_value": 4
              }
            },
            "N16_p1": {
              "count": 12,
              "correct": 5,
              "accuracy": 0.4166666666666667,
              "prediction_categories": {
                "correct_target": 5,
                "wrong_present_value": 7
              }
            },
            "N16_p10": {
              "count": 15,
              "correct": 0,
              "accuracy": 0.0,
              "prediction_categories": {
                "not_present_value": 3,
                "wrong_present_value": 12
              }
            },
            "N16_p11": {
              "count": 12,
              "correct": 0,
              "accuracy": 0.0,
              "prediction_categories": {
                "not_present_value": 3,
                "wrong_present_value": 9
              }
            },
            "N16_p12": {
              "count": 12,
              "correct": 1,
              "accuracy": 0.08333333333333333,
              "prediction_categories": {
                "correct_target": 1,
                "not_present_value": 1,
                "wrong_present_value": 10
              }
            },
            "N16_p13": {
              "count": 12,
              "correct": 0,
              "accuracy": 0.0,
              "prediction_categories": {
                "not_present_value": 1,
                "wrong_present_value": 11
              }
            },
            "N16_p14": {
              "count": 12,
              "correct": 1,
              "accuracy": 0.08333333333333333,
              "prediction_categories": {
                "correct_target": 1,
                "not_present_value": 2,
                "wrong_present_value": 9
              }
            },
            "N16_p15": {
              "count": 3,
              "correct": 0,
              "accuracy": 0.0,
              "prediction_categories": {
                "not_present_value": 1,
                "wrong_present_value": 2
              }
            },
            "N16_p2": {
              "count": 12,
              "correct": 4,
              "accuracy": 0.3333333333333333,
              "prediction_categories": {
                "correct_target": 4,
                "not_present_value": 2,
                "wrong_present_value": 6
              }
            },
            "N16_p3": {
              "count": 12,
              "correct": 2,
              "accuracy": 0.16666666666666666,
              "prediction_categories": {
                "correct_target": 2,
                "not_present_value": 2,
                "wrong_present_value": 8
              }
            },
            "N16_p4": {
              "count": 12,
              "correct": 2,
              "accuracy": 0.16666666666666666,
              "prediction_categories": {
                "correct_target": 2,
                "not_present_value": 1,
                "wrong_present_value": 9
              }
            },
            "N16_p5": {
              "count": 15,
              "correct": 3,
              "accuracy": 0.2,
              "prediction_categories": {
                "correct_target": 3,
                "not_present_value": 3,
                "wrong_present_value": 9
              }
            },
            "N16_p6": {
              "count": 12,
              "correct": 0,
              "accuracy": 0.0,
              "prediction_categories": {
                "not_present_value": 2,
                "wrong_present_value": 10
              }
            },
            "N16_p7": {
              "count": 12,
              "correct": 2,
              "accuracy": 0.16666666666666666,
              "prediction_categories": {
                "correct_target": 2,
                "not_present_value": 2,
                "wrong_present_value": 8
              }
            },
            "N16_p8": {
              "count": 12,
              "correct": 1,
              "accuracy": 0.08333333333333333,
              "prediction_categories": {
                "correct_target": 1,
                "wrong_present_value": 11
              }
            },
            "N16_p9": {
              "count": 12,
              "correct": 0,
              "accuracy": 0.0,
              "prediction_categories": {
                "not_present_value": 3,
                "wrong_present_value": 9
              }
            },
            "N64_p0": {
              "count": 3,
              "correct": 1,
              "accuracy": 0.3333333333333333,
              "prediction_categories": {
                "correct_target": 1,
                "not_present_value": 1,
                "wrong_present_value": 1
              }
            },
            "N64_p1": {
              "count": 3,
              "correct": 1,
              "accuracy": 0.3333333333333333,
              "prediction_categories": {
                "correct_target": 1,
                "not_present_value": 1,
                "wrong_present_value": 1
              }
            },
            "N64_p10": {
              "count": 3,
              "correct": 0,
              "accuracy": 0.0,
              "prediction_categories": {
                "wrong_present_value": 3
              }
            },
            "N64_p11": {
              "count": 3,
              "correct": 0,
              "accuracy": 0.0,
              "prediction_categories": {
                "not_present_value": 1,
                "wrong_present_value": 2
              }
            },
            "N64_p12": {
              "count": 3,
              "correct": 0,
              "accuracy": 0.0,
              "prediction_categories": {
                "not_present_value": 1,
                "wrong_present_value": 2
              }
            },
            "N64_p13": {
              "count": 3,
              "correct": 0,
              "accuracy": 0.0,
              "prediction_categories": {
                "not_present_value": 2,
                "wrong_present_value": 1
              }
            },
            "N64_p14": {
              "count": 3,
              "correct": 0,
              "accuracy": 0.0,
              "prediction_categories": {
                "wrong_present_value": 3
              }
            },
            "N64_p15": {
              "count": 3,
              "correct": 0,
              "accuracy": 0.0,
              "prediction_categories": {
                "not_present_value": 1,
                "wrong_present_value": 2
              }
            },
            "N64_p16": {
              "count": 3,
              "correct": 0,
              "accuracy": 0.0,
              "prediction_categories": {
                "not_present_value": 2,
                "wrong_present_value": 1
              }
            },
            "N64_p17": {
              "count": 3,
              "correct": 0,
              "accuracy": 0.0,
              "prediction_categories": {
                "not_present_value": 1,
                "wrong_present_value": 2
              }
            },
            "N64_p18": {
              "count": 3,
              "correct": 0,
              "accuracy": 0.0,
              "prediction_categories": {
                "not_present_value": 2,
                "wrong_present_value": 1
              }
            },
            "N64_p19": {
              "count": 3,
              "correct": 0,
              "accuracy": 0.0,
              "prediction_categories": {
                "not_present_value": 2,
                "wrong_present_value": 1
              }
            },
            "N64_p2": {
              "count": 3,
              "correct": 0,
              "accuracy": 0.0,
              "prediction_categories": {
                "not_present_value": 2,
                "unparseable": 1
              }
            },
            "N64_p20": {
              "count": 3,
              "correct": 0,
              "accuracy": 0.0,
              "prediction_categories": {
                "wrong_present_value": 3
              }
            },
            "N64_p21": {
              "count": 3,
              "correct": 0,
              "accuracy": 0.0,
              "prediction_categories": {
                "not_present_value": 1,
                "wrong_present_value": 2
              }
            },
            "N64_p22": {
              "count": 3,
              "correct": 0,
              "accuracy": 0.0,
              "prediction_categories": {
                "not_present_value": 1,
                "wrong_present_value": 2
              }
            },
            "N64_p23": {
              "count": 3,
              "correct": 0,
              "accuracy": 0.0,
              "prediction_categories": {
                "not_present_value": 1,
                "wrong_present_value": 2
              }
            },
            "N64_p24": {
              "count": 3,
              "correct": 0,
              "accuracy": 0.0,
              "prediction_categories": {
                "not_present_value": 2,
                "wrong_present_value": 1
              }
            },
            "N64_p25": {
              "count": 3,
              "correct": 0,
              "accuracy": 0.0,
              "prediction_categories": {
                "not_present_value": 2,
                "wrong_present_value": 1
              }
            },
            "N64_p26": {
              "count": 3,
              "correct": 0,
              "accuracy": 0.0,
              "prediction_categories": {
                "not_present_value": 1,
                "wrong_present_value": 2
              }
            },
            "N64_p27": {
              "count": 3,
              "correct": 0,
              "accuracy": 0.0,
              "prediction_categories": {
                "not_present_value": 1,
                "wrong_present_value": 2
              }
            },
            "N64_p28": {
              "count": 3,
              "correct": 0,
              "accuracy": 0.0,
              "prediction_categories": {
                "not_present_value": 3
              }
            },
            "N64_p29": {
              "count": 3,
              "correct": 0,
              "accuracy": 0.0,
              "prediction_categories": {
                "not_present_value": 1,
                "wrong_present_value": 2
              }
            },
            "N64_p3": {
              "count": 3,
              "correct": 0,
              "accuracy": 0.0,
              "prediction_categories": {
                "not_present_value": 1,
                "wrong_present_value": 2
              }
            },
            "N64_p30": {
              "count": 3,
              "correct": 0,
              "accuracy": 0.0,
              "prediction_categories": {
                "unparseable": 2,
                "wrong_present_value": 1
              }
            },
            "N64_p31": {
              "count": 3,
              "correct": 0,
              "accuracy": 0.0,
              "prediction_categories": {
                "not_present_value": 1,
                "wrong_present_value": 2
              }
            },
            "N64_p32": {
              "count": 3,
              "correct": 0,
              "accuracy": 0.0,
              "prediction_categories": {
                "not_present_value": 1,
                "wrong_present_value": 2
              }
            },
            "N64_p33": {
              "count": 3,
              "correct": 0,
              "accuracy": 0.0,
              "prediction_categories": {
                "not_present_value": 2,
                "wrong_present_value": 1
              }
            },
            "N64_p34": {
              "count": 3,
              "correct": 0,
              "accuracy": 0.0,
              "prediction_categories": {
                "wrong_present_value": 3
              }
            },
            "N64_p35": {
              "count": 3,
              "correct": 0,
              "accuracy": 0.0,
              "prediction_categories": {
                "not_present_value": 1,
                "wrong_present_value": 2
              }
            },
            "N64_p36": {
              "count": 3,
              "correct": 0,
              "accuracy": 0.0,
              "prediction_categories": {
                "wrong_present_value": 3
              }
            },
            "N64_p37": {
              "count": 3,
              "correct": 0,
              "accuracy": 0.0,
              "prediction_categories": {
                "not_present_value": 2,
                "wrong_present_value": 1
              }
            },
            "N64_p38": {
              "count": 3,
              "correct": 0,
              "accuracy": 0.0,
              "prediction_categories": {
                "not_present_value": 3
              }
            },
            "N64_p39": {
              "count": 3,
              "correct": 0,
              "accuracy": 0.0,
              "prediction_categories": {
                "not_present_value": 3
              }
            },
            "N64_p4": {
              "count": 3,
              "correct": 0,
              "accuracy": 0.0,
              "prediction_categories": {
                "not_present_value": 2,
                "wrong_present_value": 1
              }
            },
            "N64_p40": {
              "count": 3,
              "correct": 0,
              "accuracy": 0.0,
              "prediction_categories": {
                "not_present_value": 2,
                "wrong_present_value": 1
              }
            },
            "N64_p41": {
              "count": 3,
              "correct": 0,
              "accuracy": 0.0,
              "prediction_categories": {
                "not_present_value": 2,
                "wrong_present_value": 1
              }
            },
            "N64_p42": {
              "count": 3,
              "correct": 0,
              "accuracy": 0.0,
              "prediction_categories": {
                "not_present_value": 1,
                "wrong_present_value": 2
              }
            },
            "N64_p43": {
              "count": 3,
              "correct": 0,
              "accuracy": 0.0,
              "prediction_categories": {
                "not_present_value": 2,
                "wrong_present_value": 1
              }
            },
            "N64_p44": {
              "count": 3,
              "correct": 0,
              "accuracy": 0.0,
              "prediction_categories": {
                "not_present_value": 1,
                "wrong_present_value": 2
              }
            },
            "N64_p45": {
              "count": 3,
              "correct": 0,
              "accuracy": 0.0,
              "prediction_categories": {
                "not_present_value": 2,
                "wrong_present_value": 1
              }
            },
            "N64_p46": {
              "count": 3,
              "correct": 0,
              "accuracy": 0.0,
              "prediction_categories": {
                "not_present_value": 1,
                "wrong_present_value": 2
              }
            },
            "N64_p47": {
              "count": 3,
              "correct": 0,
              "accuracy": 0.0,
              "prediction_categories": {
                "not_present_value": 3
              }
            },
            "N64_p48": {
              "count": 3,
              "correct": 0,
              "accuracy": 0.0,
              "prediction_categories": {
                "not_present_value": 3
              }
            },
            "N64_p49": {
              "count": 3,
              "correct": 0,
              "accuracy": 0.0,
              "prediction_categories": {
                "not_present_value": 2,
                "wrong_present_value": 1
              }
            },
            "N64_p5": {
              "count": 3,
              "correct": 0,
              "accuracy": 0.0,
              "prediction_categories": {
                "not_present_value": 1,
                "wrong_present_value": 2
              }
            },
            "N64_p50": {
              "count": 3,
              "correct": 0,
              "accuracy": 0.0,
              "prediction_categories": {
                "not_present_value": 2,
                "wrong_present_value": 1
              }
            },
            "N64_p51": {
              "count": 3,
              "correct": 0,
              "accuracy": 0.0,
              "prediction_categories": {
                "not_present_value": 3
              }
            },
            "N64_p52": {
              "count": 3,
              "correct": 0,
              "accuracy": 0.0,
              "prediction_categories": {
                "not_present_value": 2,
                "wrong_present_value": 1
              }
            },
            "N64_p53": {
              "count": 3,
              "correct": 0,
              "accuracy": 0.0,
              "prediction_categories": {
                "not_present_value": 2,
                "wrong_present_value": 1
              }
            },
            "N64_p54": {
              "count": 3,
              "correct": 0,
              "accuracy": 0.0,
              "prediction_categories": {
                "not_present_value": 2,
                "wrong_present_value": 1
              }
            },
            "N64_p55": {
              "count": 3,
              "correct": 0,
              "accuracy": 0.0,
              "prediction_categories": {
                "not_present_value": 1,
                "wrong_present_value": 2
              }
            },
            "N64_p56": {
              "count": 3,
              "correct": 0,
              "accuracy": 0.0,
              "prediction_categories": {
                "not_present_value": 3
              }
            },
            "N64_p57": {
              "count": 3,
              "correct": 0,
              "accuracy": 0.0,
              "prediction_categories": {
                "not_present_value": 2,
                "wrong_present_value": 1
              }
            },
            "N64_p58": {
              "count": 3,
              "correct": 0,
              "accuracy": 0.0,
              "prediction_categories": {
                "not_present_value": 3
              }
            },
            "N64_p59": {
              "count": 3,
              "correct": 0,
              "accuracy": 0.0,
              "prediction_categories": {
                "not_present_value": 2,
                "wrong_present_value": 1
              }
            },
            "N64_p6": {
              "count": 3,
              "correct": 0,
              "accuracy": 0.0,
              "prediction_categories": {
                "not_present_value": 2,
                "wrong_present_value": 1
              }
            },
            "N64_p60": {
              "count": 3,
              "correct": 0,
              "accuracy": 0.0,
              "prediction_categories": {
                "not_present_value": 2,
                "wrong_present_value": 1
              }
            },
            "N64_p61": {
              "count": 3,
              "correct": 0,
              "accuracy": 0.0,
              "prediction_categories": {
                "wrong_present_value": 3
              }
            },
            "N64_p62": {
              "count": 3,
              "correct": 0,
              "accuracy": 0.0,
              "prediction_categories": {
                "not_present_value": 2,
                "wrong_present_value": 1
              }
            },
            "N64_p63": {
              "count": 3,
              "correct": 0,
              "accuracy": 0.0,
              "prediction_categories": {
                "not_present_value": 3
              }
            },
            "N64_p7": {
              "count": 3,
              "correct": 0,
              "accuracy": 0.0,
              "prediction_categories": {
                "not_present_value": 1,
                "wrong_present_value": 2
              }
            },
            "N64_p8": {
              "count": 3,
              "correct": 0,
              "accuracy": 0.0,
              "prediction_categories": {
                "not_present_value": 1,
                "wrong_present_value": 2
              }
            },
            "N64_p9": {
              "count": 3,
              "correct": 0,
              "accuracy": 0.0,
              "prediction_categories": {
                "not_present_value": 2,
                "wrong_present_value": 1
              }
            }
          },
          "normal_by_N_position_quartile": {
            "N16_q0": {
              "count": 51,
              "correct": 20,
              "accuracy": 0.39215686274509803,
              "prediction_categories": {
                "correct_target": 20,
                "not_present_value": 6,
                "wrong_present_value": 25
              }
            },
            "N16_q1": {
              "count": 51,
              "correct": 7,
              "accuracy": 0.13725490196078433,
              "prediction_categories": {
                "correct_target": 7,
                "not_present_value": 8,
                "wrong_present_value": 36
              }
            },
            "N16_q2": {
              "count": 51,
              "correct": 1,
              "accuracy": 0.0196078431372549,
              "prediction_categories": {
                "correct_target": 1,
                "not_present_value": 9,
                "wrong_present_value": 41
              }
            },
            "N16_q3": {
              "count": 39,
              "correct": 2,
              "accuracy": 0.05128205128205128,
              "prediction_categories": {
                "correct_target": 2,
                "not_present_value": 5,
                "wrong_present_value": 32
              }
            },
            "N64_q0": {
              "count": 48,
              "correct": 2,
              "accuracy": 0.041666666666666664,
              "prediction_categories": {
                "correct_target": 2,
                "not_present_value": 19,
                "unparseable": 1,
                "wrong_present_value": 26
              }
            },
            "N64_q1": {
              "count": 48,
              "correct": 0,
              "accuracy": 0.0,
              "prediction_categories": {
                "not_present_value": 21,
                "unparseable": 2,
                "wrong_present_value": 25
              }
            },
            "N64_q2": {
              "count": 48,
              "correct": 0,
              "accuracy": 0.0,
              "prediction_categories": {
                "not_present_value": 26,
                "wrong_present_value": 22
              }
            },
            "N64_q3": {
              "count": 48,
              "correct": 0,
              "accuracy": 0.0,
              "prediction_categories": {
                "not_present_value": 34,
                "wrong_present_value": 14
              }
            }
          }
        },
        "adapter_storage": {
          "loaded": false,
          "tensors": 0,
          "parameters": 0,
          "fp16_payload_bytes": 0,
          "resident_storage_bytes": 0,
          "persistent_buffer_bytes": 0,
          "additional_recurrent_cache_bytes": 0,
          "ema_enabled": false,
          "cache_plus_adapter_bytes": 28499968
        }
      }
    },
    "report_sha256": {
      "v10_no_adapter": "fe44ac311e2405bf5df315628a19135ab1cc9c6b88779044f0904bc702601c76",
      "v10_resurface": "8e901f22bdd6667bb050c4e2d05c87f8f908172b822c09443534e7fc54c62538",
      "restored_v10_no_adapter": "4610afee27c4460ad21ebed7c70b439f13d8a337f393c281481979cbd802d9e0"
    },
    "comparison_sha256": "dc8211177d5eb760ae593f2645a52053794af2c043bf2b04b2deba2dfb0464fc",
    "parent_replay": {
      "complete": true,
      "per_window_nll_exact": true,
      "ppl_windows_repeated": 130,
      "target_tokens": 264764,
      "reset_hidden_exact": true,
      "reset_cache_exact": true,
      "cache_bytes_exact": true
    },
    "restoration": {
      "complete": true,
      "per_window_nll_exact": true,
      "all_generated_ids_exact": true,
      "all_decoded_predictions_exact": true,
      "ppl_windows_repeated": 130,
      "ppl_target_tokens_repeated": 264764,
      "mk_cases_repeated": 768,
      "scope": "Entire selected pilot/full SQ baseline repeated after removing the new adapter",
      "whole_reset_probe_exact": true,
      "ppl_end_cache_exact": true,
      "mk_end_cache_exact": true,
      "all_storage_descriptors_exact": true
    },
    "comparison": {
      "control_arm": "v10_no_adapter",
      "candidate_arm": "v10_resurface",
      "control_ppl": 8.186186562837207,
      "candidate_ppl": 7.855569605864836,
      "ppl_relative_change": -0.040387175937728004,
      "control_normal_mk": {
        "count": 384,
        "correct": 32,
        "accuracy": 0.08333333333333333,
        "prediction_categories": {
          "correct_target": 32,
          "not_present_value": 128,
          "unparseable": 3,
          "wrong_present_value": 221
        }
      },
      "candidate_normal_mk": {
        "count": 384,
        "correct": 271,
        "accuracy": 0.7057291666666666,
        "prediction_categories": {
          "correct_target": 271,
          "not_present_value": 77,
          "unparseable": 3,
          "wrong_present_value": 33
        }
      },
      "normal_mk_accuracy_delta": 0.6223958333333334,
      "normal_mk_correct_delta": 239,
      "paired_improvements": 242,
      "paired_regressions": 3,
      "paired_unchanged": 139,
      "normal_mk_paired_bootstrap_95ci": [
        0.5729166666666666,
        0.671875
      ],
      "bootstrap_draws": 10000,
      "bootstrap_seed": 20260928,
      "control_target_removed_mk": {
        "count": 384,
        "correct": 0,
        "accuracy": 0.0,
        "prediction_categories": {
          "not_present_value": 226,
          "other_present_value": 156,
          "unparseable": 2
        }
      },
      "candidate_target_removed_mk": {
        "count": 384,
        "correct": 0,
        "accuracy": 0.0,
        "prediction_categories": {
          "not_present_value": 210,
          "other_present_value": 169,
          "unparseable": 5
        }
      }
    },
    "quality_checks": {
      "ppl_no_worse_than_v10": true,
      "ppl_strictly_below_8p25": true,
      "normal_mk_increases": true,
      "paired95_lower_positive": true,
      "exact_archive_replay": true,
      "exact_adapter_removal_replay": true,
      "cache_same_budget": true,
      "adapter_storage_verified": true,
      "training_audit_passed": true
    },
    "quality_gate_pass": true,
    "original_s16_comparison": {
      "control_arm": "source_s16",
      "candidate_arm": "v10_resurface",
      "control_ppl": 7.334322057221965,
      "candidate_ppl": 7.855569605864836,
      "ppl_relative_change": 0.07106962914583326,
      "control_normal_mk": {
        "correct": 146,
        "count": 384,
        "accuracy": 0.3802083333333333
      },
      "candidate_normal_mk": {
        "count": 384,
        "correct": 271,
        "accuracy": 0.7057291666666666,
        "prediction_categories": {
          "correct_target": 271,
          "not_present_value": 77,
          "unparseable": 3,
          "wrong_present_value": 33
        }
      },
      "normal_mk_accuracy_delta": 0.3255208333333333,
      "normal_mk_correct_delta": 125,
      "paired_improvements": 149,
      "paired_regressions": 24,
      "paired_unchanged": 211,
      "normal_mk_paired_bootstrap_95ci": [
        0.2682291666666667,
        0.3828776041666657
      ],
      "bootstrap_draws": 10000,
      "bootstrap_seed": 20260928,
      "control_target_removed_mk": {
        "correct": 0,
        "count": 384,
        "accuracy": 0.0
      },
      "candidate_target_removed_mk": {
        "count": 384,
        "correct": 0,
        "accuracy": 0.0,
        "prediction_categories": {
          "not_present_value": 210,
          "other_present_value": 169,
          "unparseable": 5
        }
      }
    }
  },
  "cuda_initialized": false
}
